Link,Brand,Model,Laptop Series,Part No,Processor Brand,Processor Type,Processor Model,Processor Core,RAM,RAM Type,HDD RPM,Installed SSD Type,Graphics Chipset,Graphics Memory Accessibility,Graphics Memory,Display Size (Inch),Display Type,Display Resolution,Touch Screen,Optical Drive,HDMI Port,LAN,Finger Print Sensor,Operating System,Color,Weight (Kg),Power Adapter,Warranty,Country Of Origin
https://www.ryans.com/lenovo-ideapad-1-15amn7-amd-athlon-silver-7120u-8gb-ram-256gb-ssd-15.6-inch-fhd-display-cloud-grey-laptop,Lenovo,Lenovo IdeaPad 1 15AMN7,IdeaPad,82VG00LCIN,AMD,Not Found,Athlon Silver 7120U,2,8GB,LPDDR5,No HDD,NVMe PCIe,AMD Radeon 610M Graphics,Integrated,Shared,15.6,FHD LED Display,1920x1080,No,No,1,No,No,Free-Dos,Cloud Grey,1.58 kg,65W,2 Year,China
https://www.ryans.com/asus-br1100fka-intel-cdc-n4500-11.6-inch-hd-led-touch-display-dark-grey-education-laptop-bp1039w,Asus,Asus BR1100FKA,ExpertBook,BP1039W,Intel,Not Found,CDC N4500,2,4GB,DDR4,No HDD,NVMe PCIe,Intel UHD Graphics,Integrated,Shared,11.6,HD LED Touch Display,1366x768,Yes,No,1,Yes,No,Win-11 Home,Dark Gray,1.40 kg,45W,3 Year,Taiwan
https://www.ryans.com/chuwi-minibook-x-2-in-1-intel-core-n100-10.5-inch-fhd-plus-wuxga-touch-display-grey-laptop,Chuwi,Chuwi MiniBook X 2 in 1,MiniBook,Not Found,Intel,Not Found,Core N100,4,12GB,LPDDR4,No HDD,NVMe PCIe,Intel UHD Graphics,Integrated,Shared,10.5,FHD+ Display,1920x1200,Yes,No,No,No,No,Win-11 Home,Gray,920 gm,Not Found,2 Year,China
https://www.ryans.com/hp-15s-eq1578au-amd-athlon-silver-3050u-15.6-inch-fhd-display-silver-laptop,HP,HP 15s-eq1578AU,15s,7K1K3PA,AMD,Not Found,Athlon Silver 3050U,2,8GB,DDR4,No HDD,NVMe PCIe,AMD Radeon Graphics,Integrated,Shared,15.6,FHD LED Display,1920x1080,No,No,1,No,No,Win-11 Home,Silver,1.70 kg,45W,2 Year,USA
https://www.ryans.com/infinix-in-book-y2-plus-intel-core-i5-1155g7-8gb-ram-512gb-ssd-15.6-inch-fhd-display-silver-laptop,Infinix,Infinix INBOOK Y2 Plus,INBOOK,Not Found,Intel,Not Found,Core i5 1155G7,4,8GB,LPDDR4x,No HDD,NVMe PCIe,Intel Iris Xe Graphics,Integrated,Shared,15.6,FHD LED Display,1920x1080,No,No,1,No,No,Win-11 Home,Silver,1.80 kg,45W,2 Year,China
https://www.ryans.com/acer-aspire-5-5p-a515-58p-intel-core-i3-1305u-15.6-inch-fhd-ips-display-steel-gray-laptop,Acer,Acer Aspire 5 5P-A515-58P,Aspire,NX.KHJSI.005,Intel,Not Found,Core i3 1305U,5,8GB,LPDDR5,No HDD,NVMe PCIe,Intel UHD Graphics,Integrated,Shared,15.6,FHD LED Display,1920x1080,No,No,1,No,No,Win-11 Home,Steel Gray,1.78 kg,65W,2 Year,Taiwan
https://www.ryans.com/dell-inspiron-15-3520-intel-core-i3-1215u-15.6-inch-fhd-display-platinum-silver-laptop,Dell,Dell Inspiron 15 3520,Inspiron,WARMLKN15ADL23051004PLASPP-2Y,Intel,Not Found,Core i3 1215U,6,8GB,DDR4,No HDD,NVMe PCIe,Intel UHD Graphics,Integrated,Shared,15.6,Full HD Display,1920x1080,No,No,1,No,No,Win-11 Home,Platinum Silver,1.65 kg,65 Watt,2 Year,USA
https://www.ryans.com/acer-aspire-3-a315-59-56vc-intel-core-i5-1235u-8gb-ram-512gb-ssd-15.6-inch-fhd-display-pure-silver-laptop,Acer,Acer Aspire 3 A315-59-56VC,Aspire,NX.K6TSI.00G/UN.K6TSI.023,Intel,Not Found,Core i5 1235U,10,8GB,DDR4,No HDD,NVMe PCIe,Intel Iris Xe Graphics,Integrated,Shared,15.6,FHD LED Display,1920x1080,No,No,Not Found,Unmentioned,No,Free-Dos,Pure Silver,Not Found,Not Found,2 Year,Taiwan
https://www.ryans.com/hp-15s-fq5342tu-intel-core-i5-1235u-8gb-ddr4-512gb-ssd-15.6-inch-fhd-display-silver-laptop,HP,HP 15s-fq5342TU,15s,9T0Y8PA,Intel,Not Found,Core i5 1235U,10,8GB,DDR4,No HDD,NVMe PCIe,Intel Iris Xe Graphics,Integrated,Shared,15.6,FHD LED Display,1920x1080,No,No,1,No,No,Win-11 Home,Silver,1.69 kg,45W,2 Year,USA
https://www.ryans.com/hp-15s-fq5344tu-12th-gen-intel-core-i5-1235u-8gb-ram-512gb-ssd-15.6-inch-fhd-display-spruce-blue-laptop,HP,HP 15s-fq5344TU,15s,9T0Z0PA,Intel,Not Found,Core i5 1235U,10,8GB,DDR4,No HDD,NVMe PCIe,Intel Iris Xe Graphics,Integrated,Shared,15.6,FHD LED Display,1920x1080,No,No,1,No,No,Win-11 Home,Spruce Blue,1.69 kg,45W,2 Year,USA
https://www.ryans.com/hp-15-fc0166au-amd-ryzen-5-7520u-8gb-ddr5-512gb-ssd-15.6-inch-fhd-display-moonlight-blue-laptop,Hp,HP 15-fc0166AU,15,9S532PA,AMD,Not Found,Ryzen 5 7520U,4,8GB,DDR5,No HDD,NVMe PCIe,AMD Radeon 610M Graphics,Integrated,Shared,15.6,FHD LED Display,1920x1080,No,No,1,No,Yes,Win-11 Home,Moonlight Blue,1.59 kg,45W,2 Year,USA
https://www.ryans.com/acer-swift-go-14-sfg14-41-r5rb-amd-ryzen-5-7530u-8gb-ram-512gb-ssd-14-inch-fhd-display-pure-silver-laptop,Acer,Acer Swift Go 14 SFG14-41-R5RB,Swift,NX.KG3SI.004,AMD,Not Found,Ryzen 5 7530U,6,8GB,DDR4,No HDD,NVMe PCIe,AMD Radeon Graphics,Integrated,Shared,14,FHD LED Display,1920x1080,No,No,1,No,Yes,Win-11 Home,Pure Silver,1.25 kg,65W,2 Year,Taiwan
https://www.ryans.com/huawei-matebook-b3-520-15.6-inch-space-gray-laptop,Huawei,Huawei MateBook B3-520,MateBook,BDZ-WDH9A,Intel,Not Found,Core i5 1135G7,4,8GB,DDR4,No HDD,NVMe PCIe,Intel Iris Xe Graphics,Integrated,Shared,15.6,FHD,1920x1080,No,No,1,Yes,Yes,Win-11 Home,Space Gray,1.56 kg,65W,2 Year,China
https://www.ryans.com/lenovo-ideapad-slim-3i-15itl6-intel-core-i7-1165g-8gb-ram-512gb-ssd-15.6-inch-fhd-display-arctic-grey-laptop,Lenovo,Lenovo IdeaPad Slim 3i 15ITL6,IdeaPad,82H803UCIN,Intel,Not Found,Core i7 1165G7,4,8GB,DDR4,No HDD,NVMe PCIe,Intel Iris Xe Graphics,Integrated,Shared,15.6,FHD LED Display,1920x1080,No,No,1,No,No,Free-Dos,Arctic Grey,1.65 kg,65W,2 Year,China
https://www.ryans.com/hp-15-fd0202tu-intel-core-i5-1335u-8gb-ram-512gb-ssd-15.6-inch-fhd-display-diamond-white-laptop,HP,HP 15-fd0202TU,15,973Q7PA,Intel,Not Found,Core i5 1335U,10,8GB,DDR4,No HDD,NVMe PCIe,Intel Iris Xe Graphics,Integrated,Shared,15.6,FHD LED Display,1920x1080,No,No,1,No,No,Win-11 Home,Diamond White,1.59 kg,45W,2 Year,USA
https://www.ryans.com/msi-modern-15-b12m-12th-gen-intel-core-i7-1255u-15.6-inch-fhd-ips-display-classic-black-laptop,MSI,MSI Modern 15 B12M,Modern,B12M-041BD-BB71255U16GXXDX11EMH,Intel,Not Found,Core i7 1255U,10,16GB,DDR4,No HDD,NVMe PCIe,Intel Iris Xe Graphics,Integrated,Shared,15.6,FHD LED Display,1920x1080,No,No,1,No,No,Win-11 Home,Classic Black,1.7 kg,65W,2 Year,Taiwan
https://www.ryans.com/acer-aspire-5-5m-a515-58gm-intel-core-i5-1335u-16gb-ram-512gb-ssd-15.6-inch-fhd-ips-display-steel-gray-gaming-laptop,Acer,Acer Aspire 5 5M-A515-58GM,Aspire,UN.KGYSI.003,Intel,Not Found,Core i5 1335U,10,16GB,DDR4,No HDD,NVMe PCIe,Nvidia RTX 2050 Graphics,Dedicated,4GB,15.6,FHD LED Display,1920x1080,No,No,Not Found,Unmentioned,No,Win-11 Home,Steel Gray,Not Found,Not Found,2 Year,Taiwan
https://www.ryans.com/gigabyte-gaming-g5-mf-12th-gen-intel-core-i5-12500h-15.6-inch-fhd-display-matte-black-gaming-laptop,Gigabyte,Gigabyte Gaming G5 MF,Gaming,Not Found,Intel,Not Found,Core i5 12500H,12,8GB,DDR4,No HDD,NVMe PCIe,Nvidia RTX 4050 Graphics,Dedicated,6GB,15.6,FHD LED Display,1920x1080,No,No,1,Yes,No,Win-11 Home,Matt Black,2.08 kg,150W,2 Year,Taiwan
https://www.ryans.com/acer-aspire-lite-al15-41-amd-ryzen-5-5500u-15.6-inch-fhd-display-titanium-gray-laptop,Acer,Acer Aspire Lite AL15-41,Aspire,UN.431SI.328,AMD,Not Found,Ryzen 5 5500U,6,8GB,DDR4,No HDD,NVMe PCIe,AMD Radeon Graphics,Integrated,Shared,15.6,FHD LED Display,1920x1080,No,No,1,Yes,No,Free-Dos,Titanium Grey,1.59 kg,45W,2 Year,Taiwan
https://www.ryans.com/acer-aspire-lite-al15-51-intel-core-i5-1155g7-15.6-inch-fhd-display-titanium-gray-laptop,Acer,Acer Aspire Lite AL15-51,Aspire,UN.431SI.327,Intel,Not Found,Core i5 1155G7,4,8GB,DDR4,No HDD,NVMe PCIe,Intel Iris Xe Graphics,Integrated,Shared,15.6,FHD LED Display,1920x1080,No,No,1,Yes,No,Free-Dos,Titanium Grey,1.59 kg,45W,2 Year,Taiwan
https://www.ryans.com/acer-aspire-3-a315-59-5031-intel-core-i5-1235u-15.6-inch-fhd-display-pure-silver-laptop,Acer,Acer Aspire 3 A315-59-5031,Aspire,NX.K6TSI.00B,Intel,Not Found,Core i5 1235U,10,8GB,DDR4,No HDD,NVMe PCIe,Intel Iris Xe Graphics,Integrated,Shared,15.6,FHD LED Display,1920x1080,No,No,1,Yes,No,Free-Dos,Pure Silver,1.8 kg,45W,2 Year,Taiwan
https://www.ryans.com/chuwi-herobook-pro-intel-cdc-n4020-14.1-inch-fhd-display-grey-laptop,Chuwi,Chuwi HeroBook Pro,HeroBook,Not Found,Intel,Not Found,CDC N4020,2,8GB,LPDDR4,No HDD,M.2 SATA,Intel UHD Graphics 600,Integrated,Shared,14,FHD LED Display,1920x1080,No,No,1,No,No,Win-11 Home,Gray,1390 gm,24W,2 Year,China
https://www.ryans.com/lenovo-ideapad-d330-10igl-intel-cdc-n4020-mineral-grey-laptop,Lenovo,Lenovo IdeaPad D330 10IGL,IdeaPad,82H0001VIN,Intel,Not Found,CDC N4020,2,4GB,DDR4,No HDD,No SSD,Intel UHD Graphics 600,Integrated,Shared,10.1,HD IPS LED Display,1280x800,Yes,No,No,No,No,Win-10 Home,Mineral Gray,1.13 Kg,45W,1 Year,China
https://www.ryans.com/lenovo-ideapad-slim-3i-15igl-intel-cdc-n4020-15.6-inch-hd-display-platinum-grey-laptop-81wq00q2in-2y,Lenovo,Lenovo IdeaPad Slim 3i 15IGL,IdeaPad,81WQ00Q2IN,Intel,Not Found,CDC N4020,2,4GB,DDR4,5400RPM,No,Intel UHD Graphics 600,Integrated,Shared,15.6,HD LED,1366x768,No,No,1,No,No,Free-Dos,Platinum Grey,1.7 kg,Not Found,2 Year,China
https://www.ryans.com/chuwi-gemibook-xpro-intel-core-n100-14.1-inch-fhd-display-grey-laptop,Chuwi,Chuwi GemiBook XPro,GemiBook,Not Found,Intel,Not Found,Intel Core N100,4,8GB,LPDDR5,No HDD,SATA,Intel UHD Graphics,Integrated,Shared,14,FHD LED Display,1920x1080,No,No,1,No,No,Win-11 Home,Gray,1.5 kg,Not Found,2 Year,China
https://www.ryans.com/asus-x515ma-intel-cdc-n4020-15.6-inch-fhd-wv-display-transparent-silver-laptop,Asus,Asus X515MA,Vivobook,BQ675W-X515MA,Intel,Not Found,CDC N4020,2,4GB,DDR4,5400 RPM,No SSD,Intel UHD Graphics 600,Integrated,Shared,15.6,FHD,1920x1080,No,No,1,No,No,Win-11 Home,Transparent Silver,1.80 kg,33W,2 Year,Taiwan
https://www.ryans.com/lenovo-ideapad-slim-1i-14igl7-intel-cdc-n4020-8gb-ram-256gb-ssd-14-inch-fhd-display-cloud-grey-laptop,Lenovo,Lenovo IdeaPad Slim 1i 14IGL7,IdeaPad,82V6007SIN,Intel,Not Found,CDC N4020,2,8GB,DDR4,No HDD,NVMe PCIe,Intel UHD Graphics 600,Integrated,Shared,14,FHD LED Display,1920x1080,No,No,1,No,No,Free-Dos,Cloud Grey,1.3 kg,45W,1 Year,China
https://www.ryans.com/lenovo-ideapad-slim-1i-15igl7-intel-cdc-n4020-8gb-ram-256gb-ssd-15.6-inch-fhd-display-cloud-grey-laptop,Lenovo,Lenovo IdeaPad Slim 1i 15IGL7,IdeaPad,82V700D0IN,Intel,Not Found,CDC N4020,2,8GB,DDR4,No HDD,NVMe PCIe,Intel UHD Graphics 600,Integrated,Shared,15.6,FHD LED Display,1920x1080,No,No,1,No,No,Free-Dos,Cloud Grey,1.54 kg,45W,1 Year,China
https://www.ryans.com/hp-250-g8-intel-cdc-n4020-15.6-inch-fhd-display-dark-ash-silver-laptop,Hp,HP 250 G8,ProBook,5C3R7PA,Intel,Not Found,CDC N4020,2,4GB,DDR4,5400RPM,No,Intel UHD Graphics 600,Integrated,Shared,15.6,FHD LED Display,1920x1080,No,No,1,Yes,No,Win-11 Home,Dark Ash Silver,1.74 kg,45W,3 Year,USA
https://www.ryans.com/asus-15-p1511cma-intel-cdc-n4020-15.6-inch-hd-display-slate-grey-laptop,Asus,Asus 15 P1511CMA,P Series,BR693W-P1511CMA,Intel,Not Found,CDC N4020,2,4GB,DDR4,5400 RPM,No SSD,Intel UHD Graphics 600,Integrated,Shared,15.6,FHD,1366x768,No,No,1,No,Yes,Win-11 Home,Slate Grey,1.80 Kg,33W,2 Year,Taiwan
https://www.ryans.com/asus-vivobook-14-e410ma-peacock-blue-laptop,Asus,Asus VivoBook 14 E410MA,VivoBook,BV2132W/BV1489W/BV2228W-E410MA,Intel,Not Found,CDC N4020,2,4GB,DDR4,No HDD,NVMe PCIe,Intel UHD Graphics 600,Integrated,Shared,14,HD LED,1366x768,No,No,1,No,No,Win-11 Home,Peacock Blue,1.30 Kg,33W,2 Year,Taiwan
https://www.ryans.com/asus-x415ka-intel-cdc-n4500-14-inch-slate-grey-laptop,Asus,Asus X415KA,Vivobook,EK091W-X415KA,Intel,Not Found,CDC N4500,2,4GB,DDR4,5400 RPM,No SSD,Intel UHD Graphics,Integrated,Shared,14,FHD+ LED Display,1920x1080,No,No,1,No,No,Win-11 Home,Slate Grey,1.55,Not Found,2 Year,Taiwan
https://www.ryans.com/asus-x515ka-intel-cdc-n4500-4gb-ddr4-15.6-inch-display-fhd-transparent-silver-laptop,Asus,Asus X515KA,VivoBook,EJ150W-X515KA,Intel,Not Found,CDC N4500,2,4GB,DDR4,5400 RPM,No,Intel UHD Graphics,Integrated,Shared,15.6,FHD LED Display,1920x1080,No,No,1,No,No,Win-11 Home,Transparent Silver,1.80 kg,33W,2 Year,Taiwan
https://www.ryans.com/asus-e510ma-star-black-laptop,Asus,Asus E510MA,Vivobook,EJ601W-E510MA,Intel,Not Found,CDC N4020,2,4GB,DDR4,No HDD,NVMe PCIe,Intel UHD Graphics 600,Integrated,Shared,15.6,FHD,1920x1080,No,No,1,No,Yes,Win-11 Home,Star Black,1.57 kg,33W AC Adapter,2 Year,Taiwan
https://www.ryans.com/acer-extensa-15-ex215-54-34se-intel-core-i3-1115g4-15.6-inch-fhd-charcoal-black-laptop,Acer,Acer Extensa 15 EX215-54-34SE,Extensa,NX.EGJSI.00B,Intel,Not Found,Core i3 1115G4,2,4GB,DDR4,Not Found,No SSD,Intel UHD Graphics,Integrated,Shared,15.6,FHD,1920x1080,No,No,1,Yes,No,Win-11 Home,Charcoal Black,1.90Kg,45 W,2 Year,Taiwan
https://www.ryans.com/asus-d415da-amd-ryzen-3-3250u-14-inch-hd-display-slate-grey-laptop,Asus,Asus D415DA,Not Found,BV981W-D415DA,AMD,Not Found,Ryzen 3 3250U,2,4GB,DDR4,5400RPM,No SSD,AMD Radeon Graphics,Integrated,Shared,14,HD LED,1366x768,No,No,1,No,Yes,Win-11 Home,Slate Grey,1.60 kg,45W AC Adapter,2 Year,Taiwan
https://www.ryans.com/lenovo-ideapad-3-15iil-intel-core-i3-1005g1-15.6-inch-fhd-display-platinum-grey-laptop,Lenovo,Lenovo IdeaPad 3 15IIL,IdeaPad,81WE01P2IN,Intel,Not Found,Core i3 1005G1,2,4GB,DDR4,5400 RPM,NVMe PCIe,Intel UHD Graphics,Integrated,Shared,15.6,FHD,1920x1080,No,No,1,No,No,Win-11 Home,Platinum Grey,1.85Kg,65W,2 Year,China
https://www.ryans.com/lenovo-ideapad-slim-3i-15itl-11th-gen-intel-core-i3-1115g4-15.6-inch-fhd-display-arctic-grey-laptop,Lenovo,Lenovo IdeaPad Slim 3i 15ITL,IdeaPad,82H801WHIN,Intel,Not Found,Core i3 1115G4,2,4GB,DDR4,No HDD,NVMe PCIe,Intel UHD Graphics,Integrated,Shared,15.6,FHD,1920x1080,No,No,1,No,No,Win-11 Home,Arctic Grey,1.65 kg,65W,3 Year,China
https://www.ryans.com/avita-liber-v14-intel-core-i5-1135g7-8gb-ram-512gb-ssd-14-inch-fhd-display-soft-lavender-laptop,Avita,Avita LIBER V14,LIBER,NS14A9BDF565N-SLA,Intel,Not Found,Core i5 1135G7,4,8GB,LPDDR4x,No HDD,NVMe PCIe,Intel Iris Xe Graphics,Integrated,Shared,14,FHD LED Display,1920x1080,No,No,1,No,Yes,Win-10 Home,Soft Lavender,1.30 kg,Not Found,2 Year,Hong Kong
https://www.ryans.com/hp-15s-du3611tu-intel-core-i3-1125g4-15.6-inch-fhd-display-jet-black-laptop,HP,HP 15s-du3611TU,15s,5B354PA,Intel,Not Found,Core i3 1125G4,4,4GB,DDR4,5400 RPM,No SSD,Intel UHD Graphics,Integrated,Shared,15.6,FHD LED Display,1920x1080,No,No,1,Yes,No,Win-11 Home,Jet Black,1.75 kg,45 Watt,2 Year,USA
https://www.ryans.com/hp-255-g8-amd-ryzen-3-5300u-8gb-ram-1tb-hdd-15.6-inch-fhd-display-silver-laptop,HP,HP 255 G8,ProBook,5C138PA,AMD,Not Found,Ryzen 3 5300U,4,8GB,DDR4,5400 RPM,Not Found,AMD Radeon Graphics,Integrated,Shared,15.6,FHD LED Display,1920x1080,No,No,1,Yes,No,Free-Dos,Dark Ash Silver,1.74 kg,45W,3 Year,USA
https://www.ryans.com/acer-aspire-lite-al15-52-intel-core-i3-1215u-8gb-ram-512gb-ssd-15.6-inch-fhd-display-steel-gray-laptop,Acer,Acer Aspire Lite AL15-52,Aspire,UN.431SI.P26,Intel,Not Found,Core i3 1215U,6,8GB,DDR4,No HDD,NVMe PCIe,Intel UHD Graphics,Integrated,Shared,15.6,FHD LED Display,1920x1080,No,No,1,Yes,No,Free-Dos,Steel Gray,1.59 kg,45W,2 Year,Taiwan
https://www.ryans.com/hp-15-fc0185au-amd-ryzen-3-7320u-8gb-ram-512gb-ssd-15.6-inch-fhd-display-moonlight-blue-laptop,HP,HP 15-fc0185AU,15,9T6X5PA,AMD,Not Found,Ryzen 3 7320U,4,8GB,DDR5,No HDD,NVMe PCIe,AMD Radeon 610M Graphics,Integrated,Shared,15.6,FHD LED Display,1920x1080,No,No,1,No,Yes,Win-11 Home,Moonlight Blue,1.69 kg,45W,2 Year,USA
https://www.ryans.com/msi-modern-14-c11m-11th-gen-intel-core-i3-1115g4-14-inch-fhd-ips-display-classic-black-laptop,MSI,MSI Modern 14 C11M,Modern,9S7-14J312-242,Intel,Not Found,Core i3 1115G4,2,8GB,DDR4,No HDD,NVMe PCIe,Intel UHD Graphics,Intergrated,Shared,14,FHD LED Display,1920x1080,No,No,1,No,No,Free-Dos,Classic Black,1.4kg,65W,2 Year,Taiwan
https://www.ryans.com/lenovo-ideapad-slim-3i-14iau7-intel-core-i3-1215u-14-inch-fhd-display-arctic-grey-laptop,Lenovo,Lenovo IdeaPad Slim 3i 14IAU7,IdeaPad,82RJ009XIN,Intel,Not Found,Core i3 1215U,6,8GB,DDR4,No HDD,NVMe PCIe,Intel UHD Graphics,Integrated,Shared,14,FHD LED Display,1920x1080,No,No,1,No,No,Free-Dos,Arctic Grey,1.43 kg,65W,2 Year,China
https://www.ryans.com/dell-inspiron-15-3515-amd-ryzen-3-3250u-8gb-ram-256gb-ssd-15.6-inch-fhd-display-platinum-silver-laptop,Dell,Dell Inspiron 15 3515,Inspiron,WARLOCKN315AMD2205260B,AMD,Not Found,Ryzen 3 3250U,2,8GB,DDR4,No HDD,NVMe PCIe,AMD Radeon Graphics,Integrated,Shared,15.6,FHD LED Display,1920x1080,No,No,1,No,No,Win-11 Home,Platinum Silver,1.71 kg,65W,2 Year,USA
https://www.ryans.com/lenovo-ideapad-slim-3i-14itl-14-inch-arctic-grey-laptop,Lenovo,Lenovo IdeaPad Slim 3i 14ITL,IdeaPad,82H7013EIN,Intel,Not Found,Core i3 1115G4,2,8GB,DDR4,No HDD,NVMe PCIe,Intel UHD Graphics,Integrated,Shared,14,FHD,1920x1080,No,No,1,No,Yes,Win-11 Home,Arctic Grey,1.41 Kg,65W,3 Year,China
https://www.ryans.com/msi-modern-14-c12mo-intel-core-i3-1215u-14-inch-fhd-ips-60hz-display-classic-black-laptop,MSI,MSI Modern 14 C12MO,Modern,C12MO-860XBD-BB31215U16GXXDXX,Intel,Not Found,Core i3 1215U,6,16GB,DDR4,No HDD,NVMe PCIe,Intel UHD Graphics,Integrated,Shared,14,FHD LED Display,1920x1080,No,No,1,No,No,Free-Dos,Classic Black,1.4 kg,65W,2 Year,Taiwan
https://www.ryans.com/lenovo-v15-gen-3-intel-core-i3-1215u-15.6-inch-fhd-display-iron-grey-laptop,Lenovo,Lenovo V15 Gen 3,V Series,82TTA05GIN,Intel,Not Found,Core i3 1215U,6,8GB,DDR4,No HDD,Not Found,Intel UHD Graphics,Integrated,Shared,15.6,FHD LED Display,1920x1080,No,No,Not Found,Unmentioned,No,Free-Dos,Iron Gray,Not Found,Not Found,2 Year,China
https://www.ryans.com/lenovo-ideapad-slim-3i-15iau7-intel-core-i3-1215u-8gb-ram-512gb-ssd-15.6-inch-fhd-display-abyss-blue-laptop,Lenovo,Lenovo IdeaPad Slim 3i 15IAU7,IdeaPad,82RK0123IN,Intel,Not Found,Core i3 1215U,6,8GB,DDR4,No HDD,NVMe PCIe,Intel UHD Graphics,Integrated,Shared,15.6,FHD LED Display,1920x1080,No,No,1,No,No,Free-Dos,Abyss Blue,1.63 kg,65W,2 Year,China
https://www.ryans.com/chuwi-corebook-xpro-intel-core-i3-1215u-15.6-inch-fhd-display-grey-laptop,Chuwi,Chuwi CoreBook XPro,CoreBook,Not Found,Intel,Not Found,Core i3 1215U,6,16GB,DDR4,No HDD,NVMe PCIe,Intel Iris Plus Graphics 655,Integrated,Shared,15.6,FHD LED Display,1920x1080,No,No,1,Yes,No,Win-11 Home,Gray,1. 7 kg,Not Found,2 Year,China
https://www.ryans.com/lenovo-ideapad-1-14amn7-amd-ryzen-5-7520u-14-inch-fhd-display-cloud-grey-laptop,Lenovo,Lenovo IdeaPad 1 14AMN7,IdeaPad,82VF004DIN,AMD,Not Found,Ryzen 5 7520U,4,8GB,DDR5,No HDD,NVMe PCIe,AMD Radeon 610M Graphics,Integrated,Shared,14,FHD LED Display,1920x1080,No,No,1,No,No,Free-Dos,Cloud Grey,1.38 kg,65W,2 Year,China
https://www.ryans.com/huawei-matebook-d-15-11th-gen-intel-core-i3-1115g4-15.6-inch-fhd-display-silver-laptop,Huawei,Huawei MateBook D 15,MateBook,Not Found,Intel,Not Found,Core i3 1115G4,2,8GB,DDR4,No HDD,NVMe PCIe,Intel UHD Graphics,Integrated,Shared,15.6,FHD IPS LED Display,1920x1080,No,No,1,No,Yes,Win-11 Home,Silver,1.53 kg,Not Found,2 Year,China
https://www.ryans.com/infinix-inbook-x2-intel-core-i5-1155g7-8gb-ram-512gb-ssd14-inch-fhd-display-grey-laptop,Infinix,Infinix INBOOK X2,INBOOK,Not Found,Intel,Not Found,Core i5 1155G7,4,8GB,LPDDR4x,No HDD,NVMe PCIe,Intel Iris Xe Graphics,Integrated,Shared,14,FHD LED Display,1920x1080,No,No,1,No,No,Win-11 Home,Gray,1.24 kg,65W,2 Year,China
https://www.ryans.com/asus-vivobook-15-x1500ea-intel-core-i3-1115g4-8gb-ram-1tb-hdd-plus-256gb-ssd-15.6-inch-fhd-display-indie-black-laptop,Asus,Asus VivoBook 15 X1500EA,VivoBook,BQ2456WN-X1500EA,Intel,Not Found,Core i3 1115G4,2,8GB,DDR4,5400 RPM,NVMe PCIe,Intel UHD Graphics,Integrated,Shared,15.6,FHD LED Display,1920x1080,No,No,1,No,No,Win-11 Home,Indie Black,1.80 kg,45W,2 Year,Taiwan
https://www.ryans.com/asus-vivobook-15-k513ea-intel-core-i3-1115g4-15.6-inch-fhd-oled-display-hearty-gold-laptop,Asus,Asus VivoBook 15 K513EA,VivoBook,L13489W-K513EA,Intel,Not Found,Core i3 1115G4,2,4GB,DDR4,No HDD,NVMe PCIe,Intel UHD Graphics,Integrated,Shared,15.6,FHD OLED Display,1920x1080,No,No,1,No,Yes,Win-11 Home,Hearty Gold,1.80 kg,65W AC Adapter,2 Year,Taiwan
https://www.ryans.com/lenovo-ideapad-slim-3i-15iru8-intel-core-i3-1305u-8gb-ram-256gb-ssd-15.6-inch-fhd-antiglare-display-abyss-blue-laptop,Lenovo,Lenovo IdeaPad Slim 3i 15IRU8,IdeaPad,82X7003PLK,Intel,Not Found,Core i3 1305U,5,8GB,DDR5,No HDD,NVMe PCIe,Intel UHD Graphics,Integrated,Shared,15.6,FHD LED Display,1920x1080,No,No,1,No,No,Win-11 Home,Abyss Blue,1.62 kg,65W,2 Year,China
https://www.ryans.com/hp-15s-fq5786tu-intel-core-i3-1215u15.6-inch-fhd-display-silver-laptop,HP,HP 15s-fq5786TU,15s,681P9PA,Intel,Not Found,Core i3 1215U,6,8GB,DDR4,No HDD,NVMe PCIe,Intel UHD Graphics,Integrated,Shared,15.6,FHD LED Display,1920x1080,No,No,1,No,No,Win-11 Home,Silver,Not Found,45W,2 Year,USA
https://www.ryans.com/asus-vivobook-15-x1502za-intel-core-i3-1215u-15.6-inch-fhd-display-terra-cotta-laptop,Asus,Asus VivoBook 15 X1502ZA,VivoBook,X1502ZA-EJ675W,Intel,Not Found,Core i3 1215U,6,4GB,DDR4,No HDD,NVMe PCIe,Intel UHD Graphics,Integrated,Shared,15.6,FHD LED Display,1920x1080,No,No,1,No,No,Win-11 Home,Terra Cotta,1.70 kg,45W,2 Year,Taiwan
https://www.ryans.com/asus-vivobook-s15-s513ea-intel-core-i3-1115g4-8gb-ram-512gb-ssd-15.6-inch-fhd-oled-display-indie-black-laptop,Asus,Asus VivoBook S15 S513EA,VivoBook,S513EA-L13199WN,Intel,Not Found,Core i3 1115G4,2,8GB,DDR4,No HDD,NVMe PCIe,Intel UHD Graphics,Integrated,Shared,15.6,FHD OLED Display,1920x1080,No,No,1,No,Yes,Win-11 Home,Indie Black,1.80 kg,65W,2 Year,Taiwan
https://www.ryans.com/asus-vivobook-15-x1504va-intel-core-i3-1315u-8gb-ram-512gb-ssd-15.6-inch-fhd-display-quiet-blue-laptop,Asus,ASUS Vivobook 15 X1504VA,Vivobook,X1504VA-NJ260WN,Intel,Not Found,Core i3 1315U,6,8GB,DDR4,No HDD,NVMe PCIe,Intel UHD Graphics,Integrated,Shared,15.6,FHD LED Display,1920x1080,No,No,1,No,Yes,Win-11 Home,Quiet Blue,1.70 kg,45W,2 Year,Taiwan
https://www.ryans.com/dell-latitude-3430-intel-core-i3-1215u-8gb-ddr4-512gb-ssd-14-inch-fhd-display-black-laptop,Dell,Dell Latitude 3430,Latitude,Not Found,Intel,Not Found,Core i3 1215U,6,8GB,DDR4,No HDD,NVMe PCIe,Intel UHD Graphics,Integrated,Shared,14,FHD LED Display,1920x1080,No,No,1,Yes,No,Free-Dos,Black,1.53 kg,65W,3 Year,USA
https://www.ryans.com/dell-inspiron-15-3530-13th-gen-intel-core-i3-1305u-8gb-ram-512gb-ssd-15.6-inch-fhd-display-carbon-black-laptop,Dell,Dell Inspiron 15 3530,Inspiron,IN3530V84RM001OGDDD,Intel,Not Found,Core i3 1305U,5,8GB,DDR4,No HDD,NVMe PCIe,Intel(R) UHD Graphics,Integrated,Shared,15.6,FHD LED Display,1920x1080,No,No,1,Yes,No,Win-11 Home,Carbon Black,1.62 kg,Not Found,2 Year,USA
https://www.ryans.com/hp-240-g8-intel-1135g7-14-inch-fhd-display-ash-laptop,HP,HP 240 G8,ProBook,5C135PA,Intel,Not Found,Core i5 1135G7,4,8GB,DDR4,5400RPM,No,Intel Iris Xe Graphics,Integrated,Shared,14,FHD LED Display,1920x1080,No,No,1,Yes,No,Win-11 Home,Ash,1.47 kg,45W,3 Year,USA
https://www.ryans.com/asus-x515ea-slate-grey-laptop,Asus,Asus X515EA,Vivobook,BQ2312W-X515EA,Intel,Not Found,Core i5 1135G7,4,4GB,DDR4,5400 RPM,No SSD,Intel Iris Xe Graphics,Integrated,Shared,15.6,FHD,1920x1080,No,No,1,No,Yes,Win-11 Home,Slate Grey,1.80Kg,45W Adapter,2 Year,Taiwan
https://www.ryans.com/dell-latitude-3530-intel-core-i3-1215u-8gb-ram-512gb-ssd-15.6-inch-fhd-display-black-laptop,Dell,Dell Latitude 3530,Latitude,Not Found,Intel,Not Found,Core i3 1215U,6,8GB,DDR4,No HDD,NVMe PCle,Intel UHD Graphics,Integrated,Shared,15.6,FHD LED Display,1920x1080,Yes,No,1,Yes,Yes,Free-Dos,Black,1.79 kg,65W,3 Year,USA
https://www.ryans.com/lenovo-ideapad-slim-3i-14iru8-intel-core-i3-1305u-14-inch-fhd-ips-display-arctic-grey-laptop,Lenovo,Lenovo IdeaPad Slim 3i 14IRU8,IdeaPad,82X60022LK,Intel,Not Found,Core i3 1305U,5,8GB,DDR5,No HDD,NVMe PCIe,Intel UHD Graphics,Integrated,Shared,14,FHD LED Display,1920x1080,No,No,1,No,No,Win-11 Home,Arctic Grey,1.37 kg,65W,2 Year,China
https://www.ryans.com/lenovo-ideapad-slim-3-15abr8-amd-ryzen-5-7530u-15.6-inch-fhd-antiglare-ips-display-arctic-grey-laptop,Lenovo,Lenovo IdeaPad Slim 3 15ABR8,IdeaPad,82XM007VLK,AMD,Not Found,Ryzen 5 7530U,6,8GB,DDR4,No HDD,NVMe PCIe,AMD Radeon Graphics,Integrated,Shared,15.6,FHD LED Display,1920x1080,No,No,1,No,Yes,Win-11 Home,Arctic Grey,1.62 Kg,65W,2 Year,China
https://www.ryans.com/lenovo-ideapad-slim-3i-15iah8-core-i5-12450h-8gb-ram-512gb-ssd-15.6-inch-fhd-display-abyss-blue-laptop,Lenovo,Lenovo IdeaPad Slim 3i 15IAH8,IdeaPad,83ER00CXLK,Intel,Not Found,Core i5 12450H,8,8GB,DDR5,No HDD,NVMe PCIe,Intel UHD Graphics,Integrated,Shared,15.6,FHD LED Display,1920x1080,No,No,1,No,No,Free-Dos,Abyss Blue,1.62 kg,65W,2 Year,China
https://www.ryans.com/lenovo-ideapad-slim-3i-14iah8-intel-core-i5-12450h-8gb-ddr5-ram-512gb-ssd-14-inch-fhd-display-arctic-grey-laptop,Lenovo,Lenovo IdeaPad Slim 3i 14IAH8,IdeaPad,83EQ004JLK,Intel,Not Found,Core i5 12450H,8,8GB,DDR5,No HDD,NVMe PCIe,Intel UHD Graphics,Intel UHD Graphics,Shared,14,FHD LED Display,1920x1080,No,No,1,No,No,Free-Dos,Arctic Grey,1.37 kg,65W,2 Year,China
https://www.ryans.com/asus-vivobook-go-15-e1504fa-amd-ryzen-5-7520u-15.6-inch-fhd-led-display-mixed-black-laptop,Asus,Asus VivoBook Go 15 E1504FA,VivoBook,E1504FA-BQ372W,AMD,Not Found,Ryzen 5 7520U,4,16GB,LPDDR5,No HDD,NVMe PCIe,AMD Radeon Graphics,Integrated,Shared,15.6,FHD LED Display,1920x1080,No,No,1,No,No,Win-11 Home,Mixed Black,1.63 Kg (With Battery),45W,2 Year,Taiwan
https://www.ryans.com/msi-modern-15-b7m-amd-ryzen-5-7530u-8gb-ram-512gb-ssd-15.6-inch-fhd-ips-display-classic-black-laptop-with-msi-backpack,MSI,MSI Modern 15 B7M,Modern,9S7-15HK12-069,AMD,Not Found,Ryzen 5 7530U,6,8GB,DDR4,No HDD,NVMe PCIe,AMD Radeon Graphics,Integrated,Shared,15.6,FHD LED Display,1920x1080,No,No,1,No,No,Win-11 Home,Classic Black,1.75 kg,65W,2 Year,Taiwan
https://www.ryans.com/hp-15s-eq3619au-amd-ryzen-5-5625u-15.6-inch-fhd-display-spruce-blue-laptop,HP,HP 15s-eq3619AU,15s,7K1K5PA,AMD,Not Found,Ryzen 5 5625U,6,8GB,DDR4,No HDD,NVMe PCIe,AMD Radeon Graphics,Integrated,Shared,15.6,FHD IPS LED Display,1920x1080,No,No,1,No,No,Win-11 Home,Spruce Blue,1.70 kg,45W,2 Year,USA
https://www.ryans.com/lenovo-ideapad-slim-3-15amn8-amd-ryzen-5-7520u-16gb-ram-512gb-ssd-15.6-inch-fhd-display-abyss-blue-laptop,Lenovo,Lenovo IdeaPad Slim 3 15AMN8,IdeaPad,82XQ00DELK,AMD,Not Found,Ryzen 5 7520U,4,16GB,DDR5,No HDD,NVMe PCIe,AMD Radeon 610M Graphics,Integrated,Shared,15.6,FHD LED Display,1920x1080,No,No,1,No,No,Win-11 Home,Abyss Blue,1.62 kg,65W,2 Year,China
https://www.ryans.com/lenovo-ideapad-slim-3-14amn8-amd-ryzen-5-7520u-16gb-ram-512gb-ssd-14-inch-fhd-display-arctic-grey-laptop,Lenovo,Lenovo IdeaPad Slim 3 14AMN8,IdeaPad,82XN005ULK,AMD,Not Found,Ryzen 5 7520U,4,16GB,LPDDR5,No HDD,NVMe PCIe,AMD Radeon 610M Graphics,Integrated,Shared,14,FHD LED Display,1920x1080,No,No,1,No,No,Win-11 Home,Arctic Grey,1.37 kg,65W,2 Year,China
https://www.ryans.com/acer-swift-go-14-sfg14-41-r732-amd-ryzen-5-7530u-8gb-ram-512gb-ssd-14-inch-fhd-display-prodigy-pink-laptop,Acer,Acer Swift Go 14 SFG14-41-R732,Swift,NX.KG5SI.003,AMD,Not Found,Ryzen 5 7530U,6,8GB,DDR4,No HDD,NVMe PCIe,AMD Radeon Graphics,Integrated,Shared,14,FHD LED Display,1920x1080,No,No,1,No,Yes,Win-11 Home,Not Found,1.25 kg,65W,2 Year,Taiwan
https://www.ryans.com/dell-latitude-15-3520-11th-gen-intel-core-i5-1135g7-500gb-ssd-15.6-inch-hd-display-black-laptop,Dell,Dell Latitude 15-3520,Latitude,Not Found,Intel,Not Found,Core i5 1135G7,4,8GB,DDR4,No HDD,NVMe PCIe,Intel Iris Xe Graphics,Integrated,Shared,15.6,HD LED,1366x768,No,No,1,Yes,No,Free-Dos,Black,1.79 kg,65W,3 Year,USA
https://www.ryans.com/acer-travelmate-p214-54-intel-core-i5-1235u-14-inch-fhd-ips-display-black-laptop,Acer,Acer TravelMate P214-54,TravelMate,NX.VV9SI.008,Intel,Not Found,Core i5 1235U,10,8GB,DDR4,No HDD,NVMe PCIe,Intel Iris Xe Graphics,Integrated,Shared,14,FHD LED Display,1920x1080,No,No,1,Yes,No,Free-Dos,Black,1.58Kg,45W,3 Year,Taiwan
https://www.ryans.com/lenovo-thinkbook-15-g2-itl-intel-core-i5-1135g7-15.6-inch-fhd-display-mineral-grey-laptop,Lenovo,Lenovo ThinkBook 15 G2 ITL,ThinkBook,20VE015VIN,Intel,Not Found,Core i5 1135G7,4,8GB,DDR4,No HDD,NVMe PCIe,Intel Iris Xe Graphics,Integrated,Shared,15.6,FHD,1920x1080,No,No,1,Yes,Yes,Free-Dos,Mineral Gray,1.7 kg,65W,3 Year,China
https://www.ryans.com/acer-extensa-14-ex214-53-543w-12th-gen-intel-core-i5-1240p-14-inch-fhd-display-pure-silver-laptop,Acer,Acer Extensa 14 EX214-53-543W,Extensa,NX.EGWSI.003,Intel,Not Found,Core i5 1240P,12,8GB,DDR4,No HDD,NVMe PCIe,Intel Iris Xe Graphics,Integrated,Shared,14,FHD LED Display,1920x1080,No,No,1,Yes,Yes,Free-Dos,Pure Silver,1.5 kg,Not Found,3 Year,Taiwan
https://www.ryans.com/dell-inspiron-16-5625-amd-ryzen-5-5625u-8gb-ram-512gb-ssd-16-inch-fhd--display-platinum-silver-laptop,Dell,Dell Inspiron 16 5625,Inspiron,ODINN516AMD2301102,AMD,Not Found,Ryzen 5 5625U,6,8GB,DDR4,No HDD,NVMe PCIe,AMD Radeon Graphics,Integrated,Shared,16,FHD+ LED Display,1920x1200,No,No,1,Unmentioned,No,Win-11 Home,Platinum Silver,1.97 kg,Not Found,2 Year,USA
https://www.ryans.com/hp-15-fd0204tu-intel-core-i5-1335u-8gb-ram-512gb-ssd-15.6-inch-fhd-display-silver-laptop,HP,HP 15-fd0204TU,15,973Q9PA,Intel,Not Found,Core i5 1335U,10,8GB,DDR4,No HDD,NVMe PCIe,Intel Iris Xe Graphics,Integrated,Shared,15.6,FHD LED Display,1920x1080,No,No,1,No,No,Win-11 Home,Silver,1.59 kg,45W,2 Year,USA
https://www.ryans.com/hp-15-fd0205tu-intel-core-i5-1335u-8gb-ram-512gb-ssd-15.6-inch-fhd-display-moonlight-blue-laptop,HP,HP 15-fd0205TU,15,973R0PA,Intel,Not Found,Core i5 1335U,10,8GB,DDR4,No HDD,NVMe PCIe,Intel Iris Xe Graphics,Integrated,Shared,15.6,FHD LED Display,1920x1080,No,No,1,No,No,Win-11 Home,Moonlight Blue,1.59 kg,45W,2 Year,USA
https://www.ryans.com/hp-14-ep0161tu-intel-core-i5-1335u-8gb-ram-512gb-ssd-14-inch-fhd-display-silver-laptop,Hp,HP 14-ep0161TU,14,973P4PA,Intel,Not Found,Core i5 1335U,10,8GB,DDR4,No HDD,NVMe PCIe,Intel Iris Xe Graphics,Integrated,Shared,14,FHD LED Display,1920x1080,No,No,1,No,No,Win-11 Home,Silver,1.4 kg,45W,2 Year,USA
https://www.ryans.com/lenovo-ideapad-slim-3i-15irh8-intel-core-i5-13420h-8gb-ram-512gb-ssd-15.6-inch-fhd-display-arctic-grey-laptop,Lenovo,Lenovo IdeaPad Slim 3i 15IRH8,IdeaPad,83EM000MLK,Intel,Not Found,Core i5 13420H,8,8GB,DDR5,No HDD,NVMe PCIe,Intel UHD Graphics,Integrated,Shared,15.6,FHD LED Display,1920x1080,No,No,1,No,No,Free-Dos,Arctic Grey,1.62 kg,65W,2 Year,China
https://www.ryans.com/lenovo-ideapad-slim-3i-14irh8-intel-core-i5-13420h-8gb-ram-512gb-ssd-14-inch-fhd-display-arctic-grey-laptop,Lenovo,Lenovo IdeaPad Slim 3i 14IRH8,IdeaPad,83EL0014LK,Intel,Not Found,Core i5 13420H,8,8GB,DDR5,No HDD,NVMe PCIe,Intel UHD Graphics,Integrated,Shared,14,FHD LED Display,1920x1080,No,No,1,No,No,Win-11 Home,Arctic Grey,1.37 kg,65W,2 Year,China
https://www.ryans.com/asus-expertbook-b1-b1400ceae-intel-core-i5-1135g7-14-inch-fhd-display-star-black-laptop,Asus,Asus ExpertBook B1 B1400CEAE,ExpertBook,EB5114/EB5114N,Intel,Not Found,Core i5 1135G7,4,4GB,DDR4,5400 RPM,No SSD,Intel Iris Xe Graphics,Integrated,Shared,14,FHD,1920x1080,No,No,1,Yes,Yes,Free-Dos,Star Black,1.45kg,65W,3 Year,Taiwan
https://www.ryans.com/msi-modern-15-b12mo-intel-core-i5-1235u-16gb-dram-512gb-ssd-15.6-inch-fhd-ips-display-classic-black-laptop,MSI,MSI Modern 15 B12MO,Modern,B12MO-687BD-BB51235U16GXXDX11EMH,Intel,Not Found,Core i5 1235U,10,16GB,DDR4,No HDD,NVMe PCIe,Intel Iris Xe Graphics,Integrated,Shared,15.6,FHD LED Display,1920x1080,No,No,1,No,No,Win-11 Home,Classic Black,1.70 kg,65W,2 Year,Taiwan
https://www.ryans.com/dell-vostro-15-3510-11th-gen-intel-core-i5-1135g7-15.6-inch-fhd-display-black-laptop,Dell,Dell Vostro 15 3510,Vostro,Not Found,Intel,Not Found,Core i5 1135G7,4,8GB,DDR4,No HDD,NVMe PCIe,Nvidia MX330 Graphics,Dedicated,2GB,15.6,FHD LED Display,1920x1080,No,No,1,Yes,Yes,Free-Dos,Black,1.69kg,65W,3 Year,USA
https://www.ryans.com/hp-15-fd0208tu-intel-core-i5-1335u-8gb-ram--512gb-ssd-15.6-inch-fhd-display-silver-laptop,HP,HP 15-fd0208TU,15,Not Found,Intel,Not Found,Core i5 1335U,10,8GB,DDR4,No HDD,NVMe PCIe,Intel Iris Xe Graphics,Integrated,Shared,15.6,FHD LED Display,1920x1080,No,No,1,No,No,Win-11 Home,Silver,1.59 kg,45W,2 Year,USA
https://www.ryans.com/hp-15-fd0210tu-13th-gen-intel-core-i5-1335u-8gb-ram--512gb-ssd-15.6-inch-fhd-display-diamond-white-laptop,HP,HP 15-fd0210TU,15,973R5PA,Intel,Not Found,Core i5 1335U,10,8GB,DDR4,No HDD,NVMe PCIe,Intel Iris Xe Graphics,Integrated,Shared,15.6,FHD LED Display,1920x1080,No,No,1,No,No,Win-11 Home,Diamond White,1.59 kg,45W,2 Year,USA
https://www.ryans.com/hp-14-ep0163tu-intel-core-i5-1335u-8gb-ram-512gb-ssd-14-inch-fhd-display-silver-laptop,HP,HP 14-ep0163TU,14,973P6PA,Intel,Not Found,Core i5 1335U,10,8GB,DDR4,No HDD,NVMe PCIe,Intel Iris Xe Graphics,Integrated,Shared,14,FHD LED Display,1920x1080,No,No,1,No,No,Win-11 Home,Silver,1.4 kg,45W,2 Year,USA
https://www.ryans.com/hp-15-fd0209tu-intel-core-i5-1335u-8gb-ram-512gb-ssd-15.6-inch-fhd-display-moonlight-blue-laptop,Hp,HP 15-fd0209TU,15,973R4PA,Intel,Not Found,Core i5 1335U,10,8GB,DDR4,No HDD,NVMe PCIe,Intel Iris Xe Graphics,Integrated,Shared,15.6,FHD LED Display,1920x1080,No,No,1,No,No,Win-11 Home,Moonlight Blue,1.59 kg,45W,2 Year,USA
https://www.ryans.com/msi-modern-15-b13m-13th-gen-intel-core-i5-1335u-15.6-inch-fhd-ips-60hz-display-classic-black-laptop,MSI,MSI Modern 15 B13M,Modern,B13M-478BD-CB51335U16GXXDX11EMH / B13M-811BD-CB51335U16GXXDX11EMH,Intel,Not Found,Core i5 1335U,10,16GB,DDR4,No HDD,NVMe PCIe,Intel Iris Xe Graphics,Integrated,Shared,15.6,FHD LED Display,1920x1080,No,No,1,No,No,Win-11 Home,Classic Black,1.7 kg,65W,2 Year,Taiwan
https://www.ryans.com/msi-modern-14-c13m-13th-gen-intel-core-i5-1335u-14-inch-fhd-ips-display-classic-black-laptop,MSI,MSI Modern 14 C13M,Modern,C13M-650BD-CB51335U16GXXDX11EMH / C13M-1009BD-CB51335U16GXXDX11EMH,Intel,Not Found,Core i5 1335U,10,16GB,DDR4,No HDD,NVMe PCIe,Intel Iris Xe Graphics,Integrated,Shared,14,FHD LED Display,1920x1080,No,No,1,No,No,Win-11 Home,Classic Black,1.4 kg,65W,2 Year,Taiwan
https://www.ryans.com/asus-vivobook-14-m1405ya-amd-ryzen-7-7730u-8gb-ram-512gb-ssd-14-inch-wuxga-display-cool-silver-laptop,Asus,Asus VivoBook 14 M1405YA,VivoBook,M1405YA-LY106W,AMD,Not Found,Ryzen 7 7730U,8,8GB,DDR4,No HDD,NVMe PCIe,AMD Radeon Graphics,Integrated,Shared,14,WUXGA Display,1920x1200,No,No,1,No,No,Win-11 Home,Cool Silver,1.60 Kg,45W,2 Year,Taiwan
https://www.ryans.com/lenovo-ideapad-slim-3i-14itl6-intel-core-i7-1165g7-14-inch-fhd-antiglare-led-display-abyss-blue-laptop,Lenovo,Lenovo IdeaPad Slim 3i 14ITL6,IdeaPad,82H701E1IN,Intel,Not Found,Core i7 1165G7,4,8GB,DDR4,No HDD,NVMe PCIe,Intel Iris Xe Graphics,Integrated,Shared,14,FHD Antiglare LED,1920x1080,No,No,1,No,Yes,Win-11 Home,Abyss Blue,1.41 kg,65W,2 Year,China
https://www.ryans.com/asus-zenbook-14-um425ua-amd-ryzen-5-5500u-14-inch-fhd-wv-display-pine-grey-laptop,Asus,Asus ZenBook 14 UM425UA,ZenBook,KI326W/KI304W-UM425UA,AMD,Not Found,Ryzen 5 5500U,6,8GB,LPDDR4x,No HDD,NVMe PCIe,AMD Radeon Graphics,Integrated,Shared,14,FHD,1920x1080,No,No,1,No,No,Win-11 Home,Pine Grey,1.22 kg,65W AC Adapter,2 Year,Taiwan
https://www.ryans.com/asus-vivobook-15-m1505ya-amd-ryzen-5-7530u-15.6-inch-fhd-oled-display-indie-black-laptop,Asus,Asus VivoBook 15 M1505YA,VivoBook,M1505YA-L1097W,AMD,Not Found,Ryzen 5 7530U,6,8GB,DDR4,No HDD,NVMe PCIe,AMD Radeon Graphics,Integrated,Shared,15.6,FHD OLED Display,1920x1080,No,No,No,No,No,Win-11 Home,Indie Black,1.70 kg,45W,2 Year,Taiwan
https://www.ryans.com/acer-aspire-7-a715-76g-intel-core-i5-12450h-15.6-inch-fhd-display-charcoal-black-gaming-laptop,Acer,Acer Aspire 7 A715-76G,Aspire,NH.QMESI.003,Intel,Not Found,Core i5 12450H,8,8GB,DDR4,No HDD,NVMe PCIe,Nvidia GTX 1650 Graphics,Dedicated,4GB,15.6,FHD LED Display,1920x1080,No,No,Not Found,Unmentioned,Yes,Win-11 Home,Charcoal Black,2.1 kg,Not Found,2 Year,Taiwan
https://www.ryans.com/asus-vivobook-15x-k3504za-intel-core-i5-1235u-16gb-ram--512gb-ssd-15.6-inch-fhd-wv-display-cool-silver-laptop,Asus,Asus VivoBook 15X K3504ZA,VivoBook,K3504ZA-BQ074W,Intel,Not Found,Core i5 1235U,10,16GB,DDR4,No HDD,NVMe PCIe,Intel Iris Xe Graphics,Integrated,Shared,15.6,FHD LED Display,1920x1080,No,No,1,No,No,Win-11 Home,Cool Silver,1.60 kg,65W,2 Year,Taiwan
https://www.ryans.com/hp-probook-440-g9-12th-gen-intel-core-i5-1235u-14-inch-fhd-display-silver-laptop-6k538pa,Hp,HP ProBook 440 G9,ProBook,6K538PA-3Y,Intel,Not Found,Core i5 1235U,10,8GB,DDR4,No HDD,NVMe PCIe,Intel Iris Xe Graphics,Integrated,Shared,14,FHD LED Display,1920x1080,No,No,1,Yes,Yes,Free-Dos,Silver,1.38 kg,65W,3 Year,USA
https://www.ryans.com/dell-inspiron-15-3525-amd-ryzen-7-5825u-15.6-inch-fhd-display-platinum-silver-laptop,Dell,Dell Inspiron 15 3525,Inspiron,WARMLKN315AMD2301106,AMD,Not Found,Ryzen 7 5825U,8,8GB,DDR4,No HDD,M.2 NVMe PCIe,AMD Radeon Graphics,Integrated,Shared,15.6,FHD,1920x1080,No,No,1,No,No,Win-11 Home,Platinum Silver,1.68 kg,65W,2 Year,USA
https://www.ryans.com/acer-aspire-5-a515-58gm-intel-core-i5-1335u-8gb-ram-512gb-ssd-15.6-inch-fhd-ips-display-steel-gray-gaming-laptop,Acer,Acer Aspire 5 A515-58GM,Aspire,NX.KGYSI.001,Intel,Not Found,Core i5 1335U,10,8GB,DDR4,No HDD,NVMe PCIe,Nvidia RTX 2050 Graphics,Dedicated,4GB,15.6,FHD LED Display,1920x1080,No,No,1,Yes,No,Win-11 Home,Steel Gray,1.8 kg,90W,2 Year,Taiwan
https://www.ryans.com/asus-vivobook-s15-s513eq-hearty-gold-laptop,Asus,Asus VivoBook S15 S513EQ,VivoBook,L1661W-S513EQ,Intel,Not Found,Core i5 1135G7,4,8GB,DDR4,No HDD,M.2 NVMe PCIe,Nvidia MX350 Graphics,Dedicated,2GB,15.6,FHD OLED Display,1920x1080,No,No,1,No,Yes,Win-11 Home,Hearty Gold,1.80 kg,65W,2 Year,Taiwan
https://www.ryans.com/msi-gf63-thin-12ucx-12th-gen-intel-core-i5-12450h-15.6-inch-fhd-ips-display-black-gaming-laptop,MSI,MSI GF63 Thin 12UCX,Thin,12UCX-217BD-BB51245H8GXXDX11EM,Intel,Not Found,Core i5 12450H,8,8GB,DDR4,No HDD,NVMe PCIe,Nvidia RTX 2050 Graphics,Dedicated,4GB,15.6,FHD IPS LED Display,1920x1080,No,No,1,Yes,No,Win-11 Home,Black,1.86 kg,Not Found,2 Year,Taiwan
https://www.ryans.com/asus-vivobook-15-k513eq-intel-core-i5-1135g7-15.6-inch-hearty-gold-laptop,Asus,Asus VivoBook 15 K513EQ,VivoBook,L1434T-K513EQ,Intel,Not Found,Core i5 1135G7,4,8GB,DDR4,No HDD,NVMe PCIe,Nvidia MX350 Graphics,Dedicated,2GB,15.6,FHD OLED Display,1920x1080,No,No,1,No,Yes,Win-10 Home,Hearty Gold,1.80 kg,65W,2 Year,Taiwan
https://www.ryans.com/hp-probook-440-g10-intel-core-i5-1335u-8gb-ram-512gb-ssd-14-inch-fhd-ips-display-silver-laptop,HP,HP ProBook 440 G10,ProBook,843X9PA,Intel,Not Found,Core i5 1335U,10,8GB,DDR4,No HDD,NVMe PCIe,Intel Iris Xe Graphics,Integrated,Shared,14,FHD LED Display,1920x1080,No,No,1,Yes,Yes,Free-Dos,Silver,1.38 kg,65W,3 Year,USA
https://www.ryans.com/hp-probook-450-g10-intel-core-i5-1335u-8gb-ram-512gb-ssd-15.6-inch-fhd-display-silver-laptop,HP,HP ProBook 450 G10,ProBook,843Z1PA,Intel,Not Found,Core i5 1335U,10,8GB,DDR4,No HDD,NVMe PCIe,Intel Iris Xe Graphics,Integrated,Shared,15.6,FHD LED Display,1920x1080,No,No,1,Yes,Yes,Free-Dos,Silver,1.79 kg,65W,3 Year,USA
https://www.ryans.com/hp-15-fd0024tx-intel-core-i5-1335u-8gb-ram-512gb-ssd-15.6-inch-fhd-display-silver-laptop,HP,HP 15-fd0024TX,15,973Q0PA,Intel,Not Found,Core i5 1335U,10,8GB,DDR4,No HDD,NVMe PCIe,Nvidia MX550 Graphics,Dedicated,2GB,15.6,FHD LED Display,1920x1080,No,No,1,No,No,Win-11 Home,Silver,1.59 kg,65W,2 Year,USA
https://www.ryans.com/msi-thin-15-b12ucx-intel-core-i5-12450h-8gb-ram-512gb-ssd-15.6-inch-fhd-display-cosmos-grey-gaming-laptop,MSI,MSI Thin 15 B12UCX,Thin,B12UCX-1605BD-GG51245H8GXXDX11EM,Intel,Not Found,Core i5 12450H,8,8GB,DDR4,No HDD,NVMe PCIe,Nvidia RTX 2050 Graphics,Dedicated,4GB,15.6,FHD LED Display,1920x1080,No,No,1,Yes,No,Win-11 Home,Cosmos Gray,1.86 kg,120W,2 Year,Taiwan
https://www.ryans.com/asus-vivobook-15x-oled-x1503za-intel-core-i5-12500h-15.6-inch-fhd-oled-display-quiet-blue-laptop,Asus,Asus VivoBook 15X OLED X1503ZA,VivoBook,X1503ZA-L1277W,Intel,Not Found,Core i5 12500H,12,8GB,DDR4,No HDD,NVMe PCIe,Intel Iris Xe Graphics,Integrated,Shared,15.6,FHD OLED Display,1920x1080,No,No,1,No,Yes,Win-11 Home,Quiet Blue,1.70 kg,90W,2 Year,Taiwan
https://www.ryans.com/dell-vostro-14-3420-intel-core-i7-1255u-8gb-ram-512gb-ssd-14-inch-fhd-display-black-laptop,Dell,Dell Vostro 14 3420,Vostro,Not Found,Intel,Not Found,Core i7 1255U,10,8GB,DDR4,No HDD,NVMe PCIe,Nvidia MX550 Graphics,Dedicated,2GB,14,FHD LED Display,1920x1080,No,No,1,Yes,No,Free-Dos,Black,1.49 kg,Not Found,3 Year,USA
https://www.ryans.com/apple-macbook-air-late-2020-apple-m1-chip-13.3-inch-retina-display-space-gray-macbook,Apple,Apple MacBook Air (Late 2020),MacBook Air,MGN63,Apple,Not Found,Apple M1 Chip,8,8GB,Unmentioned,No HDD,NVMe PCIe,Apple 7-core GPU,Integrated,Shared,13.3,Retina,2560x1600,No,No,No,No,Yes,macOS,Space Gray,1.29Kg,30W,1 Year,USA
https://www.ryans.com/hp-pavilion-15-eg3041tx-intel-core-i5-1335u-8gb-ram-512gb-ssd-15.6-inch-fhd-display-silver-laptop,HP,HP Pavilion 15-eg3041TX,Pavilion,9B310PA,Intel,Not Found,Core i5 1335U,10,8GB,DDR4,No HDD,NVMe PCIe,Nvidia MX550 Graphics,Dedicated,2GB,15.6,FHD LED Display,1920x1080,No,No,1,No,No,Win-11 Home,Silver,1.74 kg,65W,2 Year,USA
https://www.ryans.com/asus-tuf-gaming-a15-fa506nf-amd-ryzen-5-7535hs-15.6-inch-fhd-display-graphite-black-gaming-laptop,Asus,Asus TUF Gaming A15 FA506NF,TUF,FA506NF-HN042W,AMD,Not Found,Ryzen 5 7535HS,6,8GB,DDR5,No HDD,NVMe PCIe,Nvidia RTX 2050 Graphics,Dedicated,4GB,15.6,FHD LED Display,1920x1080,No,No,1,Yes,No,Win-11 Home,Graphite Black,2.30 Kg,150W,2 Year,Taiwan
https://www.ryans.com/asus-vivobook-15x-k3504va-intel-core-i5-1335u-16gb-ram-512gb-ssd-15.6-inch-fhd-wv-display-cool-silver-laptop,Asus,Asus VivoBook 15X K3504VA,VivoBook,K3504VA-BQ342W,Intel,Not Found,Core i5 1335U,10,16GB,DDR4,No HDD,NVMe PCIe,Intel Iris Xe Graphics,Integrated,Shared,15.6,FHD LED Display,1920x1080,No,No,1,No,Yes,Win-11 Home,Cool Silver,1.60 kg,65W,2 Year,Taiwan
https://www.ryans.com/dell-inspiron-16-5620-intel-core-i5-1235u-8gb-ram-512gb-ssd-16-inch-fhd--display-platinum-silver-laptop,Dell,Dell Inspiron 16 5620,Inspiron,ODINN516ADL23016005,Intel,Not Found,Core i5 1235U,10,8GB,DDR4,No HDD,NVMe PCIe,Intel Iris Xe Graphics,Integrated,Shared,16,FHD+ LED Display,1920x1200,No,No,1,No,No,Win-11 Home,Platinum Silver,1.97 kg,Not Found,2 Year,USA
https://www.ryans.com/asus-vivobook-16x-oled-m1603qa-amd-ryzen-5-5600h-4k-wquxga-oled-display-quiet-blue-laptop,Asus,Asus VivoBook 16X OLED M1603QA,VivoBook,M1603QA-L2138W,AMD,Not Found,Ryzen 5 5600H,6,8GB,DDR4,No HDD,NVMe PCIe,AMD Radeon Graphics,Integrated,Shared,16,4K WQUXGA OLED Display,3840x2400,No,No,1,No,No,Win-11 Home,Quiet Blue,1.88 kg (with Battery),90W,2 Year,Taiwan
https://www.ryans.com/lenovo-ideapad-slim-5-light-14abr8-amd-ryzen-5-7530u-16gb-ram-512gb-ssd-14-inch-fhd-ips-anti-glare-display-cloud-grey-laptop,Lenovo,Lenovo IdeaPad Slim 5 Light 14ABR8,IdeaPad,82XS0032LK,AMD,Not Found,Ryzen 5 7530U,6,16GB,DDR4,No HDD,NVMe PCIe,AMD Radeon Graphics,Integrated,Shared,14,FHD LED Display,1920x1080,No,No,1,No,Yes,Win-11 Home,Cloud Grey,1.24 kg,65W,2 Year,China
https://www.ryans.com/hp-15-fd0211tu-intel-core-i7-1355u-8gb-ram-512gb-ssd-15.6-inch-fhd-display-silver-laptop,HP,HP 15-fd0211TU,15,97W21PA,Intel,Not Found,Core i7 1355U,10,8GB,DDR4,No HDD,NVMe PCIe,Intel Iris Xe Graphics,Integrated,Shared,15.6,FHD LED Display,1920x1080,No,No,1,No,No,Win-11 Home,Silver,1.59 kg,45W,2 Year,USA
https://www.ryans.com/asus-vivobook-15-x513ep-intel-core-i7-1165g7-15.6-inch-fhd-wv-display-cobalt-blue-laptop,Asus,Asus VivoBook 15 X513EP,VivoBook,BQ897W-X513EP,Intel,Not Found,Core i7 1165G7,4,8GB,DDR4,No HDD,NVMe PCIe,Nvidia MX330 Graphics,Dedicated,2GB,15.6,FHD LED Display,1920x1080,No,No,1,No,Yes,Win-11 Home,Cobalt Blue,1.80 kg,65W,2 Year,Taiwan
https://www.ryans.com/lenovo-yoga-6-13abr8-amd-ryzen-5-7530u-16gb-ram-512gb-ssd-13.3-inch-fhd-plus-wuxga-ips-touch-display-dark-teal-laptop,Lenovo,Lenovo Yoga 6 13ABR8,Yoga,83B2005PLK,AMD,Not Found,Ryzen 5 7530U,6,16GB,LPDDR4x,No HDD,NVMe PCIe,AMD Radeon Graphics,Integrated,Shared,13.3,FHD+ WUXGA Display,1920x1200,Yes,No,1,No,Yes,Win-11 Home,Dark Teal,1.37 kg,45W,2 Year,China
https://www.ryans.com/lenovo-ideapad-slim-5-16abr8-amd-ryzen-7-7730u-16gb-ram-512gb-ssd-16-inch-fhd-plus-wuxga-display-cloud-grey-laptop,Lenovo,Lenovo IdeaPad Slim 5 16ABR8,IdeaPad,82XG007PLK,AMD,Not Found,Ryzen 7 7730U,8,16GB,DDR4,No HDD,NVMe PCIe,AMD Radeon Graphics,Integrated,Shared,16,FHD+ WUXGA Display,1920x1200,No,No,1,No,No,Win-11 Home,Cloud Grey,1.89 kg,65W,2 Year,China
https://www.ryans.com/asus-vivobook-pro-15-k3500pa-11th-gen-intel-core-i7-11370h-15.6-inch-fhd-display-quiet-blue-laptop,Asus,Asus VivoBook Pro 15 K3500PA,VivoBook,KJ137T-K3500PA,Intel,Not Found,Core i7 11370H,4,8GB,DDR4,No HDD,NVMe PCIe,Intel Iris Xe Graphics,Integrated,Shared,15.6,FHD,1920x1080,No,No,1,No,Yes,Win-10 Home,Quiet Blue,1.65 kg,65W AC Adapter,2 Year,Taiwan
https://www.ryans.com/lenovo-ideapad-gaming-3i-15ihu-intel-core-i7-11370h-shadow-black-gaming-laptop,Lenovo,Lenovo IdeaPad Gaming 3i 15IHU,IdeaPad,82K100WFIN,Intel,Not Found,Core i7 11370H,4,16GB,DDR4,5400 RPM,NVMe PCIe,Nvidia GTX 1650 Graphics,Dedicated,4GB,15.6,FHD IPS LED Display,1920x1080,No,No,1,Yes,No,Win-11 Home,Shadow Black,2.2Kg,135W,3 Year,China
https://www.ryans.com/acer-nitro-5-an515-58-59jp-intel-core-i5-12450h-15.6-inch-fhd-display-obsidian-black-gaming-laptop,Acer,Acer Nitro 5 AN515-58-59JP,Nitro,NH.QFHSI.008,Intel,Not Found,Core i5 12450H,8,8GB,DDR4,No HDD,NVMe PCIe,Nvidia RTX 3050 Graphics,Dedicated,4GB,15.6,FHD LED Display,1920x1080,No,No,1,Yes,No,Win-11 Home,Obsidian Black,2.50 kg,230W,2 Year,Taiwan
https://www.ryans.com/asus-tuf-gaming-a15-fa506nc-amd-ryzen-5-7535hs-8gb-ram-512gb-ssd-15.6-inch-fhd-display-graphite-black-gaming-laptop,Asus,Asus TUF Gaming A15 FA506NC,TUF,FA506NC-HN005W,AMD,Not Found,Ryzen 5 7535HS,6,8GB,DDR5,No HDD,NVMe PCIe,Nvidia RTX 3050 Graphics,Dedicated,4GB,15.6,FHD LED Display,1920x1080,No,No,1,Yes,No,Win-11 Home,Graphite Black,2.30 Kg,180W,2 Year,Taiwan
https://www.ryans.com/microsoft-surface-laptop-go-3-intel-core-i5-1235u-8gb-ram-256gb-ssd-12.4-inch-pixelsense-multitouch-display-sandstone-surface-go-laptop,Microsoft,Microsoft Surface Laptop Go 3,Surface Laptop,XK1-00011,Intel,Not Found,Core i5 1235U,10,8GB,LPDDR5,No HDD,NVMe PCIe,Intel Iris Xe Graphics,Integrated,Shared,12.4,PixelSense MultiTouch Display,1536x1024,Yes,No,No,No,Yes,Win-11 Home,Sandstone,1.12 kg,Not Found,1 Year,USA
https://www.ryans.com/lenovo-ideapad-gaming-3-15arh7-amd-ryzen-5-7535hs-15.6-inch-fhd-display-onyx-grey-gaming-laptop,Lenovo,Lenovo IdeaPad Gaming 3 15ARH7,IdeaPad,82SB00PLIN,AMD,Not Found,Ryzen 5 7535HS,6,8GB,DDR5,No HDD,NVMe PCIe,Nvidia RTX GDDR6 Graphics,Dedicated,6GB,15.6,FHD LED Display,1920x1080,No,No,1,Yes,No,Win-11 Home,Onyx Grey,2.32 kg,170W,2 Year,China
https://www.ryans.com/lenovo-loq-gaming-15irh8-intel-core-i5-12450h-16gb-ram-512gb-ssd-15.6-inch-fhd-display-storm-grey-gaming-laptop,Lenovo,Lenovo LOQ Gaming 15IRH8,LOQ,82XV00SGLK,Intel,Not Found,Core i5 12450H,8,16GB,DDR5,No HDD,NVMe PCIe,Nvidia RTX 2050 Graphics,Dedicated,4GB,15.6,FHD LED Display,1920x1080,No,No,1,Yes,No,Win-11 Home,Storm Grey,2.4 kg,135W,2 Year,China
https://www.ryans.com/lenovo-ideapad-slim-5i-pro-16itl-6-intel-core-i5-11300h-16-inch-2.5k-wqxga-ips-display-storm-grey-laptop,Lenovo,Lenovo IdeaPad Slim 5i Pro 16ITL-6,IdeaPad,82L9009YIN,Intel,Not Found,Core i5 11300H,4,16GB,DDR4,No HDD,NVMe PCIe,Nvidia MX450 Graphics,Dedicated,2GB,16,2.5K WQXGA IPS LED Display,2560x1600,No,No,1,No,No,Win-11 Home,Storm Grey,1.9 Kg,95W,3 Year,China
https://www.ryans.com/lenovo-ideapad-gaming-3i-16iah7-intel-core-i5-12450h-16-inch-fhd-plus-wuxga-display-onyx-grey-gaming-laptop,Lenovo,Lenovo IdeaPad Gaming 3i 16IAH7,IdeaPad,82SA00B0IN,Intel,Not Found,Core i5 12450H,8,16GB,DDR4,No HDD,NVMe PCIe,Nvidia RTX 3050 Graphics,Dedicated,4GB,16,FHD+ WUXGA Display,1920x1080,No,No,1,Yes,No,Win-11 Home,Onyx Grey,2.6 kg,170W,2 Year,China
https://www.ryans.com/asus-tuf-gaming-f15-fx507zc4-intel-core-i5-12500h-8gb-ram-512gb-ssd-15.6-inch-fhd-display-mecha-gray-gaming-laptop,Asus,Asus TUF Gaming F15 FX507ZC4,TUF,FX507ZC4-HN081W,Intel,Not Found,Core i5 12500H,12,8GB,DDR4,No HDD,NVMe PCIe,Nvidia RTX 3050 Graphics,Dedicated,4GB,15.6,FHD LED Display,1920x1080,No,No,1,Yes,No,Win-11 Home,Mecha Gray,2.20 Kg,200W,2 Year,Taiwan
https://www.ryans.com/asus-tuf-gaming-f15-fx506he-intel-core-i5-11400h-graphite-black-gaming-laptop,Asus,Asus TUF Gaming F15 FX506HE,TUF,HN308W-FX506HE,Intel,Not Found,Core i5 11400H,6,8GB,DDR4,Not Found,NVMe PCIe,Nvidia RTX 3050 Ti Graphics,Dedicated,4GB,15.6,FHD,1920x1080,No,No,1,Yes,No,Win-11 Home,Graphite Black,2.30 Kg,180W AC Adapter,2 Year,Taiwan
https://www.ryans.com/lenovo-ideapad-pro-5-16arp8-amd-ryzen-5-7535hs-16gb-ram-512gb-ssd-16-inch-2.5k-qhd-wqxga-display-arctic-grey-laptop,Lenovo,Lenovo IdeaPad Pro 5 16ARP8,IdeaPad,83AS003ULK,AMD,Not Found,Ryzen 5 7535HS,6,16GB,DDR5,No HDD,NVMe PCIe,AMD Radeon 660M Graphics,Integrated,Shared,16,2.5K QHD WQXGA Display,2560x1600,No,No,1,No,No,Win-11 Home,Arctic Grey,1.93 kg,100W,2 Year,China
https://www.ryans.com/hp-pavilion-15-eg3040tx-intel-core-i7-1355u-8gb-ram-512gb-ssd-15.6-inch-fhd-display-silver-laptop,HP,HP Pavilion 15-eg3040TX,Pavilion,9B309PA,Intel,Not Found,Core i7 1355U,10,8GB,DDR4,No HDD,NVMe PCIe,Nvidia MX550 Graphics,Dedicated,2GB,15.6,FHD LED Display,1920x1080,No,No,1,No,No,Win-11 Home,Silver,1.74 kg,65W,2 Year,USA
https://www.ryans.com/gigabyte-gaming-g5-ke-intel-core-i5-12500h-15.6-inch-fhd-display-512gb-ssd-matte-black-gaming-laptop,Gigabyte,Gigabyte Gaming G5 KE,Gaming,Not Found,Intel,Not Found,Core i5 12500H,12,8GB,DDR4,No HDD,NVMe PCIe,Nvidia RTX 3060 Max-Q Graphics,Dedicated,6GB,15.6,FHD,1920x1080,No,No,1,Yes,No,Win-11 Home,Matt Black,1.9 Kg,180W,2 Year,Taiwan
https://www.ryans.com/msi-cyborg-15-a12ve-intel-core-i5-12450h-15.6-inch-fhd-display-black-gaming-laptop,MSI,MSI Cyborg 15 A12VE,Cyborg,9S7-15K111-258 / A12VE-258BD-TB51245H16GXXDX11EMH,Intel,Not Found,Core i5 12450H,8,16GB,DDR5,No HDD,NVMe PCIe,Nvidia RTX 4050 Graphics,Dedicated,6GB,15.6,FHD LED Display,1920x1080,No,No,1,Yes,No,Win-11 Home,Black,1.98 kg,120W,2 Year,Taiwan
https://www.ryans.com/gigabyte-gaming-g5-kf-12th-gen-intel-core-i5-12500h-15.6-inch-fhd-display-matte-black-gaming-laptop,Gigabyte,Gigabyte Gaming G5 KF,Gaming,Not Found,Intel,Not Found,Core i5 12500H,12,8GB,DDR4,No HDD,NVMe PCIe,Nvidia RTX 4060 Graphics,Dedicated,8GB,15.6,FHD LED Display,1920x1080,No,No,1,Yes,No,Win-11 Home,Matt Black,2.08 kg,150W,2 Year,Taiwan
https://www.ryans.com/asus-vivobook-pro-15-m3500qc-amd-ryzen-5-5600h-15.6-inch-fhd-wv-display-quiet-blue-laptop,Asus,Asus VivoBook Pro 15 M3500QC,VivoBook,KJ376W/KJ435W-M3500QC,AMD,Not Found,Ryzen 5 5600H,6,16GB,DDR4,No HDD,NVMe PCIe,Nvidia RTX 3050 Graphics,Dedicated,4GB,15.6,FHD,1920x1080,No,No,1,No,Yes,Win-11 Home,Quiet Blue,1.65 kg,90W,2 Year,Taiwan
https://www.ryans.com/lenovo-ideapad-flex-5i-14iru8-intel-core-i5-1335u-16gb-ram-1tb-ssd-14-inch-fhd-plus-wuxga-ips-touch-display-arctic-grey-laptop,Lenovo,Lenovo IdeaPad FLEX 5i 14IRU8,IdeaPad,82Y0007ELK,Intel,Not Found,Core i5 1335U,10,16GB,LPDDR4x,No HDD,NVMe PCIe,Intel Iris Xe Graphics,Integrated,Shared,14,FHD+ WUXGA Display,1920x1200,Yes,No,1,No,Yes,Win-11 Home,Arctic Grey,1.5 kg,65W,2 Year,China
https://www.ryans.com/apple-macbook-air-2022-apple-m2-chip-13.6-inch-liquid-retina-display-midnight-macbook,Apple,Apple MacBook Air (2022),MacBook Air,MLY33LL/A / MLY33ZP/A,Apple,Not Found,Apple M2 Chip,8,8GB,Unmentioned,Not Applicable,NVMe PCIe,Apple 8-core GPU,Integrated,Shared,13.6,Liquid Retina,2560x1664,No,No,No,No,Yes,macOS,Midnight,1.24 kg,30W,1 Year,USA
https://www.ryans.com/lenovo-ideapad-slim-5i-16irl8-intel-core-i7-13700h-16gb-ram-16-inch-fhd-plus-wuxga-display-cloud-grey-laptop,Lenovo,Lenovo IdeaPad Slim 5i 16IRL8,IdeaPad,82XF0086LK,Intel,Not Found,Core i7 13700H,14,16GB,DDR5,No HDD,NVMe PCIe,Intel Iris Xe Graphics,Integrated,Shared,16,FHD+ WUXGA Display,1920x1200,No,No,1,No,No,Win-11 Home,Cloud Grey,1.89 Kg,65W,2 Year,China
https://www.ryans.com/microsoft-surface-go-3-intel-core-i3-10100y-10.5-inch-pixelsense-multitouch-display-black-surface-go-laptop,Microsoft,Microsoft Surface Go 3 (Wi-Fi),Surface Go,8VC-00024,Intel,Not Found,Core i3 10100Y,2,8GB,LPDDR3,No HDD,Not Found,Intel UHD Graphics 615,Integrated,Shared,10.5,PixelSense MultiTouch Display,1920x1280,Yes,No,No,No,No,Win-11 Home in S mode,Black,544 gm,Not Found,1 Year,USA
https://www.ryans.com/lenovo-yoga-7-14arp8-amd-ryzen-7-7735u-16gb-ram-512gb-ssd-14-inch-fhd-plus-wuxga-oled-touch-display-tidal-teal-laptop,Lenovo,Lenovo Yoga 7 14ARP8,Yoga,82YM007XLK,AMD,Not Found,Ryzen 7 7735U,8,16GB,LPDDR5,No HDD,NVMe PCIe,AMD Radeon 680M Graphics,Integrated,Shared,14,FHD+ WUXGA Display,1920x1200,Yes,No,1,No,No,Win-11 Home,Tidal Teal,1.49 kg,65W,2 Year,China
https://www.ryans.com/acer-predator-helios-neo-16-phn16-71-59xw-intel-core-i5-13500hx-16gbram-512gb-ssd-16-inch-wuxga-display-obsidian-black-gaming-laptop,Acer,Acer Predator Helios Neo 16 PHN16-71-59XW,Predator,NH.QLTSI.004,Intel,Not Found,Core i5 13500HX,14,16GB,DDR5,No HDD,NVMe PCIe,Nvidia RTX 4050 Graphics,Dedicated,6GB,16,WUXGA LED Display,1920x1200,No,No,1,Yes,No,Win-11 Home,Obsidian Black,2.6 Kg,230W,2 Year,Taiwan
https://www.ryans.com/microsoft-surface-laptop-5-13.5-inch-pixelsense-multi-touch-display-platinum-alcantara-surface-laptop,Microsoft,Microsoft Surface Laptop 5,Surface Laptop,QZI-00001,Intel,Not Found,Core i5 1235U,10,8GB,LPDDR5x,No HDD,NVMe PCIe,Intel Iris Xe Graphics,Integrated,Shared,13.5,PixelSense MultiTouch Display,2256x1504,Yes,No,No,No,No,Win-11 Home,Platinum,1.3 kg,Not Found,1 Year,USA
https://www.ryans.com/gigabyte-aorus-15-9mf-intel-core-i5-12500h-15.6-inch-fhd-display-matte-black-gaming-laptop,Gigabyte,Gigabyte AORUS 15 9MF,AORUS,Not Found,Intel,Not Found,Core i5 12500H,12,8GB,DDR4,No HDD,NVMe PCIe,Nvidia RTX 4050 Graphics,Dedicated,6GB,15.6,FHD LED Display,1920x1080,No,No,1,Yes,No,Win-11 Home,Matt Black,2.39 kg,240W,2 Year,Taiwan
https://www.ryans.com/hp-victus-gaming-15-fa1251tx-intel-core-i7-13700h-8gb-ram-512gb-ssd-15.6-inch-fhd-display-performance-blue-gaming-laptop,HP,HP Victus Gaming 15-fa1251TX,Victus,9T2H5PA,Intel,Not Found,Core i7 13700H,14,8GB,DDR4,No HDD,NVMe PCIe,Nvidia RTX 3050 Graphics,Dedicated,6GB,15.6,FHD LED Display,1920x1080,No,No,1,Yes,No,Win-11 Home,Performance Blue,2.29 kg,200W,2 Year,USA
https://www.ryans.com/gigabyte-gaming-g5-kf5-intel-core-i7-13620h-16gb-ram-512gb-ssd-15.6-inch-fhd-display-matte-black-gaming-laptop,Gigabyte,Gigabyte Gaming G5 KF5,Gaming,Not Found,Intel,Not Found,Core i7 13620H,10,16GB,DDR5,No HDD,NVMe PCIe,Nvidia RTX 4060 Graphics,Dedicated,8GB,15.6,FHD LED Display,1920x1080,No,No,1,Yes,No,Win-11 Home,Matte Black,2.08kg,150W,2 Year,Taiwan
https://www.ryans.com/lenovo-ideapad-flex-5i-14iau7-intel-core-i7-1255u-16gb-ram-512gb-ssd-14-inch-fhd-plus-wuxga-ips-touch-display-storm-grey-laptop,Lenovo,Lenovo IdeaPad FLEX 5i 14IAU7,IdeaPad,82R700J8IN,Intel,Not Found,Core i7 1255U,10,16GB,LPDDR4x,No HDD,NVMe PCIe,Intel Iris Xe Graphics,Integrated,Shared,14,FHD+ WUXGA Display,1920x1200,Yes,No,1,No,Yes,Win-11 Home,Storm Grey,1.5 kg,65W,2 Year,China
https://www.ryans.com/asus-tuf-gaming-a15-fa507nu-amd-ryzen-5-7535hs-8gb-ram-512gb-ssd-15.6-inch-fhd-display-mecha-gray-gaming-laptop,Asus,Asus TUF Gaming A15 FA507NU,TUF,FA507NU-LP103W,AMD,Not Found,Ryzen 5 7535HS,6,8GB,DDR5,No HDD,NVMe PCIe,Nvidia RTX 4050 Graphics,Dedicated,6GB,15.6,FHD LED Display,1920x1080,No,No,1,Yes,No,Win-11 Home,Mecha Gray,2.2,240W,2 Year,Taiwan
https://www.ryans.com/asus-tuf-gaming-a16-advantage-edition-fa617nsr-amd-ryzen-7-7435hs-16gb-ram-512gb-ssd-16-inch-fhd-wuxga-display-gaming-laptop,Asus,Asus TUF Gaming A16 Advantage Edition FA617NSR,TUF,FA617NSR-N3041W,AMD,Not Found,Ryzen 7 7435HS,8,16GB,GDDR5,No HDD,NVMe PCIe,AMD Radeon RX 7600S Graphics,Dedicated,8GB,16,FHD+ WUXGA Display,1920x1200,No,No,1,Yes,No,Win-11 Home,Sandstorm,2.20 Kg,240W,2 Year,Taiwan
https://www.ryans.com/asus-zenbook-14-flip-oled-up3404va-intel-core-i5-1340p-14-inch-2.8k-oled-wqhd-touch-display-foggy-silver-laptop,Asus,Asus Zenbook 14 Flip OLED UP3404VA,Zenbook,UP3404VA-KN109WS,Intel,Not Found,Core i5 1340P,12,16GB,LPDDR5,No HDD,NVMe PCIe,Intel Iris Xe Graphics,Integrated,Shared,14,2.8K OLED WQHD,2880x1800,Yes,No,1,No,No,Win-11 Home,Foggy Silver,1.50 kg (with Battery),65W,2 Year,Taiwan
https://www.ryans.com/apple-macbook-pro-2022-apple-m2-chip-space-gray-laptop,Apple,Apple MacBook Pro (2022),MacBook Pro,MNEH3LL/A / MNEH3ZP/A,Apple,Not Found,Apple M2 Chip,8,8GB,Unmentioned,No HDD,NVMe PCIe,Apple 10-core GPU,Integrated,Shared,13.3,Retina,2560x1600,No,No,No,No,Yes,macOS,Space Gray,1.4 kg,67W,1 Year,USA
https://www.ryans.com/lenovo-ideapad-slim-5i-15ial7-12th-gen-intel-core-i7-1255u-15.6-inch-fhd-ips-antiglare-display-storm-grey-laptop,Lenovo,Lenovo IdeaPad Slim 5i 15IAL7,IdeaPad,82SF00F7LK,Intel,Not Found,Core i7 1255U,10,16GB,DDR4,No HDD,NVMe PCIe,Nvidia MX550 Graphics,Dedicated,2GB,15.6,FHD LED Display,1920x1080,No,No,1,No,Yes,Win-11 Home,Storm Grey,1.77 kg,Not Found,2 Year,China
https://www.ryans.com/apple-macbook-air-early-2024-apple-m3-8gb-ram-256gb-ssd-13.6-inch-liquid-retina-display-space-grey-macbook,Apple,Apple MacBook Air (Early 2024),MacBook Air,MRXN3LL/A,Apple,Not Found,Apple M3 Chip,8,8GB,Unmentioned,No HDD,NVMe PCIe,Apple 8-core GPU,Integrated,Shared,13.6,Liquid Retina,2560x1664,No,No,No,No,Yes,macOS,Space Gray,1.24 Kg,30W,1 Year,USA
https://www.ryans.com/dell-g15-5530-intel-core-i5-13450hx-16gb-ram-512gb-ssd-15.6-inch-fhd-display-platinum-silver-gaming-laptop,Dell,Dell G15 5530,G Series,GN55309K5K0001OGDDD,Intel,Not Found,Core i5 13450HX,10,16GB,DDR5,No HDD,NVMe PCle,Nvidia RTX 3050 Graphics,Dedicated,6GB,15.6,FHD LED Display,1920x1080,No,No,1,Yes,No,Win-11 Home,Platinum Silver,2.81 kg,240W,2 Year,USA
https://www.ryans.com/asus-tuf-dash-f15-fx517ze-intel-core-i5-12450h-15.6-inch-fhd-led-wv-display-off-black-gaming-laptop,Asus,Asus TUF Dash F15 FX517ZE,TUF,FX517ZE-HF143W,Intel,Not Found,Core i5 12450H,8,16GB,DDR5,No HDD,NVMe PCIe,Nvidia RTX 3050 Ti Graphics,Dedicated,4GB,15.6,FHD LED Display,1920x1080,No,No,1,Yes,No,Win-11 Home,OFF-Black,2Kg,180W,2 Year,Taiwan
https://www.ryans.com/lenovo-loq-15aph8-amd-ryzen-7-7840hs-16gb-ram-512gb-ssd-15.6-inch-fhd-display-storm-grey-gaming-laptop,Lenovo,Lenovo LOQ 15APH8,LOQ,82XT00C0LK,AMD,Not Found,Ryzen 7 7840HS,8,16GB,DDR5,No HDD,NVMe PCIe,Nvidia RTX 4050 Graphics,Dedicated,6GB,15.6,FHD LED Display,1920x1080,No,No,1,Yes,No,Win-11 Home,Storm Grey,2.4 kg,170W,2 Year,China
https://www.ryans.com/lenovo-ideapad-pro-5i-16irh8-intel-core-i5-13500h-16gb-ram-512gb-ssd-16-inch-2.5k-qhd-wqxga-display-arctic-grey-laptop,Lenovo,Lenovo IdeaPad Pro 5i 16IRH8,IdeaPad,83AQ005XLK,Intel,Not Found,Core i5 13500H,12,16GB,DDR5,No HDD,NVMe PCIe,Nvidia RTX 3050 Graphics,Dedicated,6GB,16,2.5K QHD WQXGA Display,2560x1600,No,No,1,No,No,Win-11 Home,Arctic Grey,1.95 Kg,170W,2 Year,China
https://www.ryans.com/asus-vivobook-16x-oled-k3605vc-intel-core-i5-13500h-16gb-ram-512gb-ssd-16-inch-oled-display-indie-black-laptop,Asus,Asus VivoBook 16X OLED K3605VC,VivoBook,K3605VC-MX237W,Intel,Not Found,Core i5 13500H,12,16GB,LPDDR4,No HDD,NVMe PCIe,Nvidia RTX 3050 Graphics,Dedicated,4GB,16,3.2K OLED Display,3200x2000,No,No,1,No,Yes,Win-11 Home,Indie Black,1.80 kg,120W,2 Year,Taiwan
https://www.ryans.com/asus-zenbook-14-oled-ux3405ma-intel-core-ultra-7-155h-32gb-ram-1tb-ssd-14-inch-fhd-plus-oled-display-ponder-blue-laptop,Asus,Asus ZenBook 14 OLED UX3405MA,ZenBook,UX3405MA-QD424,Intel,Not Found,Core Ultra 7 155H,16,32GB,LPDDR5x,No HDD,NVMe PCIe,Intel Arc Graphics,Integrated,Shared,14,FHD+ OLED Display,1920x1200,No,No,1,No,No,Free-Dos,Ponder Blue,1.22 kg,65W,2 Year,Taiwan
https://www.ryans.com/apple-15-inch-macbook-air-2023-m2-256gb-midnight,Apple,Apple MacBook Air (2023),MacBook Air,"MQKW3LL/A, MQKW3ZP/A",Apple,Not Found,Apple M2 Chip,8,8GB,Unmentioned,No HDD,NVMe PCIe,Apple 10-core GPU,Integrated,Shared,15.3,Liquid Retina,2880x1864,No,No,No,No,Yes,macOS,Midnight,1.5 kg,35W,1 Year,USA
https://www.ryans.com/hp-spectre-x360-convertible-14-ef2027tu-intel-core-i7-1355u-13.5-inch-wuxga-plus-touch-display-silver-laptop,HP,HP Spectre X360 Convertible 14-ef2027TU,Spectre,7Y3G9PA,Intel,Not Found,Core i7 1355U,10,16GB,LPDDR4x,No HDD,NVMe PCIe,Intel Iris Xe Graphics,Integrated,Shared,13.5,WUXGA+ LED Display,1920x1280,Yes,No,No,No,Yes,Win-11 Home,Silver,1.36 kg,65W,2 Year,USA
https://www.ryans.com/lenovo-yoga-slim-6i-14irh8-intel-core-i7-13700h-14-inch-fhd--wuxga-oled-display-storm-grey-laptop,Lenovo,Lenovo Yoga Slim 6i 14IRH8,Yoga,83E0001FLK,Intel,Not Found,Core i7 13700H,14,16GB,DDR5,No HDD,NVMe PCIe,Intel Iris Xe Graphics,Integrated,Shared,14,FHD+ WUXGA Display,1920x1200,No,No,1,No,No,Win-11 Home,Storm Grey,1.35 kg,65W,2 Year,China
https://www.ryans.com/lenovo-yoga-7i-14irl8-intel-core-i7-1360p-16gb-ram-512gb-ssd-14-inch-fhd-plus-wuxga-oled-touch-display-storm-grey-laptop,Lenovo,Lenovo Yoga 7i 14IRL8,Yoga,82YL009HLK,Intel,Not Found,Core i7 1360P,12,16GB,LPDDR5,No HDD,NVMe PCIe,Intel Iris Xe Graphics,Integrated,Shared,14,FHD+ WUXGA Display,1920x1200,Yes,No,1,No,No,Win-11 Home,Storm Grey,1.49 kg,65W,2 Year,China
https://www.ryans.com/acer-predator-helios-neo-16-phn16-71-757p-intel-core-i7-13700hx-16-inch-fhd-plus-wuxga-display-obsidian-black-gaming-laptop,Acer,Acer Predator Helios Neo 16 PHN16-71-757P,Predator,NH.QLTSI.006,Intel,Not Found,Core i7 13700HX,16,16GB,DDR5,No HDD,NVMe PCIe,Nvidia RTX 4050 Graphics,Dedicated,6GB,16,Not Found,1920x1200,No,No,1,Yes,No,Win-11 Home,Obsidian Black,2.6 kg,230W,2 Year,Taiwan
https://www.ryans.com/hp-victus-gaming-15-fa1252tx-intel-core-i7-13700h-16gb-ram-1tb-ssd-15.6-inch-fhd-display-performance-blue-gaming-laptop,Hp,HP Victus Gaming 15-fa1252TX,Victus,9T2H6PA,Intel,Not Found,Core i7 13700H,14,16GB,DDR4,No HDD,NVMe PCIe,Nvidia RTX 4050 Graphics,Dedicated,6GB,15.6,FHD LED Display,1920x1080,No,No,1,Yes,No,Win-11 Home,Performance Blue,2.29 kg,200W,2 Year,USA
https://www.ryans.com/asus-tuf-gaming-a15-fa507nv-amd-ryzen-5-7535hs-16gb-ram-512gb-ssd-15.6-inch-fhd-display-jaeger-gray-tuf-gaming-laptop,Asus,Asus TUF Gaming A15 FA507NV,TUF,FA507NV-LP113W,AMD,Not Found,Ryzen 5 7535HS,6,16GB,DDR5,No HDD,NVMe PCIe,Nvidia RTX 4060 Graphics,Dedicated,8GB,15.6,FHD LED Display,1920x1080,No,No,1,Yes,No,Win-11 Home,Jaeger Gray,2.20 Kg,240W,2 Year,Taiwan
https://www.ryans.com/asus-tuf-gaming-f15-fx507vu-intel-core-i7-13620h-8gb-ram-512gb-ssd-15.6-inch-fhd-144hz-display-jaeger-gray-gaming-laptop,Asus,Asus TUF Gaming F15 FX507VU,TUF,FX507VU-LP198W,Intel,Not Found,Core i7 13620H,10,8GB,DDR5,No HDD,NVMe PCIe,Nvidia RTX 4050 Graphics,Dedicated,6GB,15.6,FHD LED Display,1920x1080,No,No,1,Yes,No,Win-11 Home,Jaeger Gray,2.20 Kg,240W,2 Year,Taiwan
https://www.ryans.com/asus-vivobook-pro-16x-m7600qe-amd-ryzen-7-5800h-16-inch-4k-wquxga-oled-display-0-degree-black-laptop,Asus,Asus VivoBook Pro 16X M7600QE,VivoBook,L2061T-M7600QE,AMD,Not Found,Ryzen 7 5800H,8,16GB,DDR4,No HDD,NVMe PCIe,Nvidia RTX 3050 Ti Graphics,Dedicated,4GB,16,4K WQUXGA OLED,3840x2400,No,No,1,No,Yes,Win-10 Home,0 Degree Black,1.95 kg,120W,2 Year,Taiwan
https://www.ryans.com/msi-cyborg-15-ai-a1vek-intel-core-ultra-7-155h16gb-ram-512gb-ssd-15.6-inch-fhd-display-translucent-black-gaming-laptop,MSI,MSI Cyborg 15 AI A1VEK,Cyborg,A1VEK-041BD-TBU7155H16GXXDX11EMH,Intel,Not Found,Core Ultra 7 155H,16,16GB,DDR5,No HDD,NVMe PCIe,Nvidia RTX 4050 Graphics,Dedicated,6GB,15.6,FHD LED Display,1920x1080,No,No,1,Yes,No,Win-11 Home,Translucent Black,1.98 kg,120W,2 Year,Taiwan
https://www.ryans.com/lenovo-yoga-pro-7i-14irh8-intel-core-i7-13700h-14.5-inch-2.5k-qhd-wqxga-ips-display-tidal-teal-laptop,Lenovo,Lenovo Yoga Pro 7i 14IRH8,Yoga,82Y700A4LK,Intel,Not Found,Core i7 13700H,14,16GB,DDR5,No HDD,NVMe PCIe,Intel Iris Xe Graphics,Integrated,Shared,14.5,2.5K QHD WQXGA Display,2560x1600,No,No,1,No,No,Win-11 Home,Tidal Teal,1.49 kg,100W,2 Year,China
https://www.ryans.com/lenovo-legion-slim-5i-16irh8-intel-core-i5-13500h-16gb-ram-512gb-ssd-16-inch-2.5k-qhd-wqxga-display-storm-grey-gaming-laptop,Lenovo,Lenovo Legion Slim 5i 16IRH8,Legion,82YA00F0LK,Intel,Not Found,Core i5 13500H,12,16GB,DDR5,No HDD,NVMe PCIe,Nvidia RTX 4050 Graphics,Dedicated,6GB,16,2.5K QHD WQXGA Display,2560x1600,No,No,1,Yes,No,Win-11 Home,Storm Grey,2.4 kg,170W,2 Year,China
https://www.ryans.com/gigabyte-aero-14-oled-bmf-intel-core-i7-13700h-14-inch-2.8k-qhd-plus-oled-display-twilight-silver-gaming-laptop,Gigabyte,Gigabyte AERO 14 OLED BMF,AERO,Not Found,Intel,Not Found,Core i7 13700H,14,16GB,DDR5,No HDD,NVMe PCIe,Nvidia RTX 4050 Graphics,Dedicated,6GB,14,2.8K OLED QHD+ Display,2880x1800,No,No,1,No,No,Win-11 Home,Twilight Silver,1.49 kg,130W,2 Year,Taiwan
https://www.ryans.com/lenovo-legion-5i-15iah7h-intel-core-i7-12700h-15.6-inch-fhd-ips-anti-glare-display-storm-grey-gaming-laptop,Lenovo,Lenovo Legion 5i 15IAH7H,Legion,82RB00S5IN,Intel,Not Found,Core i7 12700H,14,16GB,DDR5,No HDD,NVMe PCIe,Nvidia RTX 3060 Graphics,Dedicated,6GB,15.6,FHD LED Display,1920x1080,No,No,1,Yes,No,Win-11 Home,Storm Grey,Not Found,300W,2 Year,China
https://www.ryans.com/lenovo-yoga-pro-7-14arp8-amd-ryzen-7-7735hs-16gb-ram-512gb-ssd-14.5-inch-3k-display-tidal-teal-laptop,Lenovo,Lenovo Yoga Pro 7 14ARP8,Yoga,83AU0041LK,AMD,Not Found,Ryzen 7 7735HS,8,16GB,LPDDR5,No HDD,NVMe PCIe,Nvidia RTX 3050 Graphics,Dedicated,6GB,14.5,3K Display,3072x1920,No,No,1,No,No,Win-11 Home,Tidal Teal,1.49 kg,140W,2 Year,China
https://www.ryans.com/asus-rog-zephyrus-g15-ga503rm-amd-ryzen-7-6800hs-eclipse-gray-gaming-laptop,Asus,Asus ROG Zephyrus G15 GA503RM,ROG,LN058W-GA503RM,AMD,Not Found,Ryzen 7 6800HS,8,16GB,DDR5,No HDD,NVMe PCIe,Nvidia RTX 3060 Graphics,Dedicated,6GB,15.6,2K WQHD LED,2560x1440,No,No,1,Yes,No,Win-11 Home,Eclipse Gray,1.90Kg,240W,2 Year,Taiwan
https://www.ryans.com/asus-zenbook-duo-ux482eg-14-inch-celestial-blue-laptop,Asus,Asus ZenBook Duo UX482EG,ZenBook,HY428W-UX482EG,Intel,Not Found,Core i7 1165G7,4,16GB,LPDDR4x,No HDD,NVMe PCIe,Nvidia MX450 Graphics,Dedicated,2GB,14,FHD,1920x1080,Yes,No,1,No,No,Win-11 Home,Celestial Blue,1.62 Kg,65W AC Adapter,2 Year,Taiwan
https://www.ryans.com/lenovo-legion-slim-7i-16iah7-intel-core-i7-12700h-16-inch-2.5k-qhd-wqxga-display-onyx-grey-gaming-laptop,Lenovo,Lenovo Legion Slim 7i 16IAH7,Legion,82TF009XIN,Intel,Not Found,Core i7 12700H,14,16GB,DDR5,No HDD,NVMe PCIe,Nvidia RTX 3060 Graphics,Dedicated,6GB,16,2.5K QHD WQXGA Display,2560x1600,No,No,1,No,Yes,Win-11 Home,Onyx Grey,2.23 kg,230W,2 Year,China
https://www.ryans.com/asus-zenbook-s-13-oled-ux5304va-intel-core-i7-1355u-13.3-inch-2.8k-oled-wqhd-display-ponder-blue-laptop,Asus,Asus ZenBook S 13 OLED UX5304VA,ZenBook,UX5304VA-NQ142WS,Intel,Not Found,Core i7 1355U,10,16GB,LPDDR5,No HDD,NVMe PCIe,Intel Iris Xe Graphics,Integrated,Shared,13.3,2.8K OLED WQHD,2880x1800,No,No,1,No,No,Win-11 Home,Ponder Blue,1.00 kg,65W,2 Year,Taiwan
https://www.ryans.com/gigabyte-aero-16-oled-bkf-intel-core-i7-13700h-16-inch-4k-uhd-plus-oled-display-twilight-silver-gaming-laptop,Gigabyte,Gigabyte AERO 16 OLED BKF,AERO,Not Found,Intel,Not Found,Core i7 13700H,14,16GB,DDR5,No HDD,NVMe PCIe,Nvidia RTX 4060 Graphics,Dedicated,8GB,16,4K UHD+ OLED Display,3840x2400,No,No,1,No,No,Win-11 Home,Twilight Silver,1.9 kg,240W,2 Year,Taiwan
https://www.ryans.com/acer-predator-helios-16-ph16-71-70l4-intel-core-i7-13700hx-16-inch-2.5k-qhd-plus-wqxga-ips-display-abyssal-black-gaming-laptop,Acer,Acer Predator Helios 16 PH16-71-70L4,Predator,NH.QJQSI.005,Intel,Not Found,Core i7 13700HX,16,16GB,DDR5,No HDD,NVMe PCIe,Nvidia RTX 4060 Graphics,Dedicated,8GB,16,2.5K QHD+ WQXGA Display,2560x1600,No,No,1,Yes,No,Win-11 Home,Abyssal Black,2.7 kg,330W,2 Year,Taiwan
https://www.ryans.com/lenovo-legion-5i-pro-16iah7h-intel-core-i7-12700h-16gb-ram-1tb-ssd-16-inch-2.5k-qhd-wqxga-display-storm-grey-gaming-laptop,Lenovo,Lenovo Legion 5i Pro 16IAH7H,Legion,82RF00TGIN,Intel,Not Found,Core i7 12700H,14,16GB,DDR5,No HDD,NVMe PCIe,Nvidia RTX 3060 Graphics,Dedicated,6GB,16,2.5K QHD WQXGA Display,2560x1600,No,No,1,Yes,No,Win-11 Home,Storm Grey,2.49 kg,300W,2 Year,China
https://www.ryans.com/asus-tuf-gaming-f15-fx507vv-intel-core-i7-13620h-16gb-ram-512gb-ssd-15.6-inch-fhd-display-jaeger-gray-gaming-laptop,Asus,Asus TUF Gaming F15 FX507VV,TUF,FX507VV-LP151W,Intel,Not Found,Core i7 13620H,10,16GB,DDR5,No HDD,NVMe PCIe,Nvidia RTX 4060 Graphics,Dedicated,8GB,15.6,FHD LED Display,1920x1080,No,No,1,Yes,No,Win-11 Home,Jaeger Gray,2.2,240W,2 Year,Taiwan
https://www.ryans.com/asus-tuf-gaming-a15-fa507xv-amd-ryzen-9-7940hs-15.6-inch-2k-wqhd-display-jaeger-gray-gaming-laptop,Asus,Asus TUF Gaming A15 FA507XV,TUF,FA507XV-HQ042W,AMD,Not Found,AMD Ryzen 9 7940HS,8,8GB,DDR5,No-HDD,NVMe PCIe,Nvidia RTX 4060 Graphics,Dedicated,8GB,15.6,2K WQHD IPS Display,2560x1440,No,No,1,Yes,No,Win-11 Home,Jaeger Gray,2.20 Kg,240W,2 Year,Taiwan
https://www.ryans.com/lenovo-legion-slim-5-16aph8-amd-ryzen-7-7840hs-16gb-ram-512gb-ssd-16-inch-2.5k-qhd-wqxga-display-storm-grey-gaming-laptop,Lenovo,Lenovo Legion Slim 5 16APH8,Legion,82Y90041LK,AMD,Not Found,Ryzen 7 7840HS,8,16GB,DDR5,No HDD,NVMe PCIe,Nvidia RTX 4060 Graphics,Dedicated,8GB,16,2.5K QHD WQXGA Display,2560x1600,No,No,1,Yes,No,Win-11 Home,Storm Grey,2.4 kg,230W,2 Year,China
https://www.ryans.com/lenovo-legion-slim-7i-16irh8-intel-core-i7-13700h-16-inch-3.2k-display-storm-grey-gaming-laptop,Lenovo,Lenovo Legion Slim 7i 16IRH8,Legion,82Y30072LK,Intel,Not Found,Core i7 13700H,14,16GB,DDR5,No HDD,NVMe PCIe,Nvidia RTX 4060 Graphics,Dedicated,8GB,16,3.2K IPS Display,3200x2000,No,No,1,No,Yes,Win-11 Home,Storm Grey,2 kg,230W,2 Year,China
https://www.ryans.com/lenovo-legion-pro-5-16arx8-amd-ryzen-7-7745hx-16gb-ram-1tb-ssd-16-inch-2.5k-qhd-wqxga-display-onyx-grey-gaming-laptop,Lenovo,Lenovo Legion Pro 5 16ARX8,Legion,82WM00BFLK,AMD,Not Found,Ryzen 7 7745HX,8,16GB,DDR5,No HDD,NVMe PCIe,Nvidia RTX 4060 Graphics,Dedicated,8GB,16,2.5K QHD WQXGA Display,2560x1600,No,No,1,Yes,No,Win-11 Home,Onyx Grey,2.5 kg,300W,2 Year,China
https://www.ryans.com/gigabyte-aorus-16x-akg-intel-core-i7-14650hx-16gb-ram-1tb-ssd-16-inch-2.5k-qhd-wqxga-display-midnight-gray-gaming-laptop,Gigabyte,Gigabyte AORUS 16X AKG,AORUS,Not Found,Intel,Not Found,Core i7 14650HX,16,16GB,DDR5,No HDD,NVMe PCIe,Nvidia RTX 4060 Graphics,Dedicated,8GB,16,2.5K QHD WQXGA Display,2560x1600,No,No,1,Yes,No,Win-11 Home,Midnight Grey,2.30 kg,240W,2 Year,Taiwan
https://www.ryans.com/apple-macbook-pro-late-2023-apple-m3-8gb-ram-512gb-ssd-14.2-inch-liquid-retina-xdr-display-space-gray-laptop,Apple,Apple MacBook Pro (Late 2023),MacBook Pro,"MTL73LL/A, MTL73ZP/A",Apple,Not Found,Apple M3 Chip,8,8GB,Unmentioned,No HDD,NVMe PCIe,Apple 10-Core GPU,Integrated,Shared,14.2,Liquid Retina XDR Display,3024x1964,No,No,1,No,Yes,macOS,Space Gray,1.5 kg,70W,1 Year,USA
https://www.ryans.com/gigabyte-aorus-16x-asg-intel-core-i7-14650hx-16gb-ram-1tb-ssd-16-inch-2.5k-qhd-wqxga-display-midnight-gray-gaming-laptop,Gigabyte,Gigabyte AORUS 16X ASG,AORUS,Not Found,Intel,Not Found,Core i7 14650HX,16,16GB,DDR5,1TB,NVMe PCIe,Nvidia RTX 4070 Graphics,Dedicated,8GB,16,2.5K QHD WQXGA Display,2560x1600,No,No,1,Yes,No,Win-11 Home,Midnight Grey,2.30 kg,240W,2 Year,Taiwan
https://www.ryans.com/microsoft-surface-pro-9-wi-fi-intel-core-i7-1255u-13-inch-pixelsense-flow-multi-touch-display-laptop,Microsoft,Microsoft Surface Pro 9,Surface Pro,QIX-00018,Intel,Not Found,Core i7 1255U,10,16GB,LPDDR5,No HDD,NVMe PCIe,Intel Iris Xe Graphics,Integrated,Shared,13,PixelSense Flow MultiTouch Display,2880x1920,Yes,No,No,No,No,Win-11 Home,Graphite,0.879kg,Not Found,1 Year,USA
https://www.ryans.com/microsoft-surface-pro-9-wi-fi-intel-core-i7-1265u-13-inch-pixelsense-flow-display-platinum-2-in-1-detachable-laptop,Microsoft,Microsoft Surface Pro 9 (Wi-Fi),Surface Pro,QIY-00001,Intel,Not Found,Core i7 1265U,10,16GB,LPDDR5,No HDD,Not Found,Intel Iris Xe Graphics,Integrated,Shared,13,PixelSense Flow MultiTouch Display,2880x1920,Yes,No,No,No,No,Win-11 Pro,Platinum,0.88 kg,Not Found,1 Year,USA
https://www.ryans.com/asus-rog-strix-g16-g614jvr-intel-core-i9-14900hx-16gb-ram-512gb-ssd-16-inch-qhd-wqxga-display-volt-green-gaming-laptop,Asus,Asus ROG Strix G16 G614JVR,ROG,G614JVR-N4152W,Intel,Not Found,Core i9 14900HX,24,16GB,DDR5,No HDD,NVMe PCIe,Nvidia RTX 4060 Graphics,Dedicated,8GB,16,QHD+ WQXGA LED Display,2560x1600,No,No,1,Yes,No,Win-11 Home,Volt Green,2.5,280W,2 Year,Taiwan
https://www.ryans.com/microsoft-surface-laptop-studio-2-intel-core-i7-13700h-14.4-inch-pixelsense-flow-multi-touch-display-platinum-surface-laptop,Microsoft,Microsoft Surface Laptop Studio 2,Surface Laptop,ZRF-00001,Intel,Not Found,Core i7 13700H,14,16GB,Unmentioned,No HDD,NVMe PCIe,Intel Iris Xe Graphics,Integrated,Shared,14.4,PixelSense Flow MultiTouch Display,2400x1600,Yes,No,No,No,No,Win-11 Home,Platinum,1.8 kg,Not Found,1 Year,USA
https://www.ryans.com/asus-proart-studiobook-16-h5600qm-amd-ryzen-7-5800h-16-inch-wquxga-oled-display-star-black-laptop,Asus,Asus ProArt StudioBook 16 H5600QM,ProArt StudioBook,L2253W-H5600QM,AMD,Not Found,Ryzen 7 5800H,8,16GB,DDR4,No HDD,NVMe PCIe,Nvidia RTX 3060 Graphics,Dedicated,6GB,16,4K WQUXGA OLED,3840x2400,No,No,1,Yes,No,Win-11 Home,Star Black,2.40 Kg,240W AC Adapter,2 Year,Taiwan
https://www.ryans.com/asus-rog-zephyrus-g14-ga403uv-amd-ryzen-9-8945hs-32gb-ram-1tb-ssd-14-inch-3k-oled-wqhd-display-eclipse-gray-gaming-laptop,Asus,Asus ROG Zephyrus G14 GA403UV,ROG,GA403UV-QS084W,AMD,Not Found,Ryzen 9 8945HS,8,32GB,LPDDR5x,No HDD,NVMe PCIe,Nvidia RTX 4060 Graphics,Dedicated,8GB,14,3K OLED WQHD Display,2880x1800,No,No,1,No,No,Win-11 Home,Eclipse Gray,1.50 kg,180W,2 Year,Taiwan
https://www.ryans.com/apple-macbook-pro-late-2021-apple-m1-pro-10-core-chip-14.2-inch-liquid-retina-xdr-display-space-gray-laptop,Apple,Apple MacBook Pro (Late 2021),MacBook Pro,Z15H000PA / Z15G0018Q,Apple,Not Found,Apple M1 Pro,10,32GB,Unmentioned,No HDD,NVMe PCIe,Apple 16-core GPU,Integrated,Shared,14.2,Liquid Retina XDR Display,3024x1964,No,No,1,No,Yes,macOS,Space Gray,1.6 Kg,96W,1 Year,USA
https://www.ryans.com/asus-rog-zephyrus-g14-ga403ui-amd-ryzen-9-8945hs-32gb-ram-512gb-ssd-14-inch-3k-oled-wqhd-display-eclipse-gray-gaming-laptop,Asus,Asus ROG Zephyrus G14 GA403UI,ROG,GA403UI-QS095W,AMD,Not Found,Ryzen 9 8945HS,8,32GB,LPDDR5x,No HDD,NVMe PCIe,Nvidia RTX 4070 Graphics,Dedicated,8GB,14,3K OLED WQHD Display,2880x1800,No,No,1,No,No,Win-11 Home,Eclipse Gray,1.50 kg,180W,2 Year,Taiwan
https://www.ryans.com/lenovo-legion-7i-gaming-16iax7-intel-core-i9-12900hx-32gb-ram-1tb-ssd-16-inch-storm-grey-black-gaming-laptop,Lenovo,Lenovo Legion 7i Gaming 16IAX7,Legion,82TD009KIN,Intel,Not Found,Core i9 12900HX,16,32GB,DDR5,No HDD,NVMe PCIe,Nvidia RTX 3080 Ti Graphics,Dedicated,16GB,16,2.5K QHD WQXGA Display,2560x1600,No,No,1,Yes,Yes,Win-11 Home,Storm Grey-Black,2.53 kg,300W,2 Year,China
https://www.ryans.com/apple-macbook-pro-2023-apple-m2-pro-16.2-inch-liquid-retina-xdr-display-space-gray-laptop,Apple,Apple MacBook Pro (2023),MacBook Pro,MNW83LL/A,Apple,Not Found,Apple M2 Pro,12,16GB,Unmentioned,No HDD,NVMe PCIe,Apple 19-core GPU,Integrated,Shared,16.2,Liquid Retina XDR Display,3456x2234,No,No,1,No,Yes,macOS,Space Gray,2.15 kg,140W,1 Year,USA
https://www.ryans.com/lenovo-yoga-book-9i-13iru8-intel-core-i7-1355u-16gb-ram-1tb-ssd-dual-13.3-inch-2.8k-oled-wqhd-touch-display-tidal-teal-laptop,Lenovo,Lenovo Yoga Book 9i 13IRU8,Yoga,82YQ0049IN,Intel,Not Found,Core i7 1355U,10,16GB,LPDDR5x,No HDD,NVMe PCIe,Intel Iris Xe Graphics,Integrated,Shared,13.3,2.8K OLED WQHD,2880x1800,Yes,No,No,No,No,Win-11 Home,Tidal Teal,1.34 kg,65W,2 Year,China
https://www.ryans.com/microsoft-surface-laptop-studio-2-intel-core-i7-13700h-32gb-ram-1tb-ssd-14.4-inch-pixelsense-flow-multi-touch-display-platinum-surface-laptop,Failed to fetch content,Failed to fetch content,Failed to fetch content,Failed to fetch content,Failed to fetch content,Failed to fetch content,Failed to fetch content,Failed to fetch content,Failed to fetch content,Failed to fetch content,Failed to fetch content,Failed to fetch content,Failed to fetch content,Failed to fetch content,Failed to fetch content,Failed to fetch content,Failed to fetch content,Failed to fetch content,Failed to fetch content,Failed to fetch content,Failed to fetch content,Failed to fetch content,Failed to fetch content,Failed to fetch content,Failed to fetch content,Failed to fetch content,Failed to fetch content,Failed to fetch content,Failed to fetch content
https://www.ryans.com/apple-macbook-pro-early-2023-apple-m2-max-16.2-inch-liquid-retina-xdr-space-gray-laptop,Apple,Apple Macbook Pro (Early 2023),Macbook Pro,Z174000EH,Apple,Not Found,Apple M2 Max,12,32GB,Unmentioned,No HDD,Not Found,Apple 38-Core GPU,Integrated,Shared,16.2,Liquid Retina XDR Display,3456x2234,No,No,1,No,Yes,macOS,Space Gray,2.16 kg,140W,1 Year,USA
https://www.ryans.com/asus-rog-strix-scar-18-g834jyr-intel-core-i9-14900hx-18-inch-2.5k-qhdplus-wqxga-display-off-black-gaming-laptop,Asus,Asus ROG Strix SCAR 18 G834JYR,ROG,G834JYR-R6115W,Intel,Not Found,Core i9 14900HX,24,64GB,DDR5,No HDD,NVMe PCIe,Nvidia RTX 4090 Graphics,Dedicated,16GB,18,2.5K QHD+ WQXGA Display,2560x1600,No,No,1,Yes,No,Win-11 Home,OFF-Black,3.10 Kg,330W,2 Year,Taiwan